kind,verdict,status,url,final_url,error,lab_ids
web,unreachable,,http://lcb.gist.ac.kr/,,"ConnectTimeout: HTTPConnectionPool(host='lcb.gist.ac.kr', port=80): Max retries exceeded with url: / (Caused by ConnectTimeoutError(<HTTPConnection(host='lcb.gist.ac.kr', port=",gist-A5071676695
web,broken,404,https://jieoh1.wixsite.com/jieoh,https://jieoh1.wixsite.com/jieoh,,postech-A5074578302
web,unreachable,,https://nepilab.com/,,"SSLError: HTTPSConnectionPool(host='nepilab.com', port=443): Max retries exceeded with url: / (Caused by SSLError(SSLEOFError(8, '[SSL: UNEXPECTED_EOF_WHILE_READING] EOF ",postech-A5068518101
web,unreachable,,https://ysnamgroup.com/,,"SSLError: HTTPSConnectionPool(host='ysnamgroup.com', port=443): Max retries exceeded with url: / (Caused by SSLError(SSLCertVerificationError('A certificate chain process",kaist-A5045941705
doi,ok,200,https://doi.org/10.1002/1873-3468.70060,,,snu-A5010084845
doi,ok,200,https://doi.org/10.1002/adma.202306092,,,snu-A5056148684
doi,ok,200,https://doi.org/10.1002/advs.202103526,,,gist-A5100740580
doi,ok,200,https://doi.org/10.1002/advs.202302776,,,unist-A5021577151
doi,ok,200,https://doi.org/10.1002/advs.202504575,,,kaist-A5045941705
doi,ok,200,https://doi.org/10.1002/advs.202511309,,,"snu-A5100619952,snu-A5002951805"
doi,ok,200,https://doi.org/10.1002/advs.76717,,,gist-A5102904761
doi,ok,200,https://doi.org/10.1002/biof.2145,,,dgist-A5021944943
doi,ok,200,https://doi.org/10.1002/btm2.10690,,,snu-A5100619952
doi,ok,200,https://doi.org/10.1002/cac2.12623,,,"postech-A5018682015,dgist-A5015429226"
doi,ok,200,https://doi.org/10.1002/cac2.70049,,,kaist-A5046978935
doi,ok,200,https://doi.org/10.1002/ddr.21980,,,gist-A5087995307
doi,ok,200,https://doi.org/10.1002/ece3.72226,,,snu-A5100364611
doi,ok,200,https://doi.org/10.1002/jbio.202200139,,,"gist-A5031635205,gist-A5075061660"
doi,ok,200,https://doi.org/10.1002/jcsm.13092,,,gist-A5023739451
doi,ok,200,https://doi.org/10.1002/jev2.12287,,,"postech-A5018682015,dgist-A5015429226"
doi,ok,200,https://doi.org/10.1007/s00299-024-03216-9,,,snu-A5057696830
doi,ok,200,https://doi.org/10.1007/s00425-024-04519-7,,,"snu-A5100447456,snu-A5055484396"
doi,ok,200,https://doi.org/10.1007/s00425-024-04558-0,,,"kaist-A5102961870,snu-A5055484396"
doi,ok,200,https://doi.org/10.1007/s10482-022-01782-0,,,snu-A5067045439
doi,ok,200,https://doi.org/10.1007/s12275-022-2324-4,,,"snu-A5043554497,snu-A5073947704"
doi,ok,200,https://doi.org/10.1007/s12275-024-00110-7,,,postech-A5087260130
doi,ok,200,https://doi.org/10.1007/s12374-024-09422-y,,,snu-A5073424725
doi,ok,200,https://doi.org/10.1007/s12374-025-09490-8,,,snu-A5057696830
doi,ok,200,https://doi.org/10.1007/s12374-025-09493-5,,,dgist-A5083518122
doi,ok,200,https://doi.org/10.1007/s12374-026-09507-w,,,"snu-A5059278158,dgist-A5083518122"
doi,ok,200,https://doi.org/10.1007/s44154-024-00169-7,,,dgist-A5083518122
doi,ok,200,https://doi.org/10.1016/j.actbio.2026.01.036,,,"unist-A5041027236,unist-A5008036043"
doi,ok,200,https://doi.org/10.1016/j.bbrc.2023.03.039,,,"gist-A5071676695,gist-A5010846406"
doi,ok,200,https://doi.org/10.1016/j.biopha.2024.116434,,,"unist-A5008036043,unist-A5035895380"
doi,ok,200,https://doi.org/10.1016/j.bpj.2023.11.2544,,,"snu-A5079762603,snu-A5002951805"
doi,ok,200,https://doi.org/10.1016/j.brainres.2022.148054,,,"gist-A5102904761,gist-A5031635205"
doi,ok,200,https://doi.org/10.1016/j.celrep.2022.110661,,,"snu-A5100366248,snu-A5091015282"
doi,ok,200,https://doi.org/10.1016/j.celrep.2022.111398,,,"kaist-A5013204190,kaist-A5072366749"
doi,ok,200,https://doi.org/10.1016/j.celrep.2022.111579,,,kaist-A5062127128
doi,ok,200,https://doi.org/10.1016/j.celrep.2023.112003,,,"postech-A5069176618,postech-A5080004279"
doi,ok,200,https://doi.org/10.1016/j.celrep.2023.112094,,,kaist-A5083929538
doi,ok,200,https://doi.org/10.1016/j.celrep.2023.112678,,,"postech-A5068518101,postech-A5069176618"
doi,ok,200,https://doi.org/10.1016/j.celrep.2023.112835,,,snu-A5082258548
doi,ok,200,https://doi.org/10.1016/j.celrep.2023.113239,,,unist-A5057203654
doi,ok,200,https://doi.org/10.1016/j.celrep.2024.113748,,,snu-A5103145861
doi,ok,200,https://doi.org/10.1016/j.celrep.2025.115297,,,postech-A5048461457
doi,ok,200,https://doi.org/10.1016/j.celrep.2025.115825,,,kaist-A5031437702
doi,ok,200,https://doi.org/10.1016/j.coi.2023.102348,,,snu-A5079920356
doi,ok,200,https://doi.org/10.1016/j.devcel.2023.08.030,,,"snu-A5082258548,postech-A5048461457"
doi,ok,200,https://doi.org/10.1016/j.devcel.2024.08.009,,,"snu-A5010084845,postech-A5100635271"
doi,ok,200,https://doi.org/10.1016/j.devcel.2024.10.008,,,"snu-A5079132836,snu-A5082258548"
doi,ok,200,https://doi.org/10.1016/j.ebiom.2023.104705,,,"postech-A5047859685,postech-A5018682015"
doi,ok,200,https://doi.org/10.1016/j.ebiom.2025.105994,,,postech-A5047859685
doi,ok,200,https://doi.org/10.1016/j.ejcb.2025.151481,,,kaist-A5087466819
doi,ok,200,https://doi.org/10.1016/j.ejcb.2025.151519,,,dgist-A5037567383
doi,ok,200,https://doi.org/10.1016/j.ejmech.2023.115720,,,"gist-A5087995307,gist-A5023173703,gist-A5088628057"
doi,ok,200,https://doi.org/10.1016/j.gecco.2022.e02325,,,snu-A5100364611
doi,ok,200,https://doi.org/10.1016/j.ibneur.2023.08.2041,,,kaist-A5013204190
doi,ok,200,https://doi.org/10.1016/j.ijbiomac.2023.123577,,,"unist-A5041027236,unist-A5035895380"
doi,ok,200,https://doi.org/10.1016/j.immuni.2023.07.005,,,"kaist-A5013204190,kaist-A5087466819,kaist-A5072366749"
doi,ok,200,https://doi.org/10.1016/j.isci.2023.108386,,,"gist-A5038581059,gist-A5010846406,gist-A5088628057"
doi,ok,200,https://doi.org/10.1016/j.isci.2025.113272,,,"snu-A5043554497,snu-A5082258548"
doi,ok,200,https://doi.org/10.1016/j.isci.2025.114056,,,snu-A5059278158
doi,ok,200,https://doi.org/10.1016/j.jaci.2023.09.029,,,"kaist-A5103056397,kaist-A5046978935"
doi,ok,200,https://doi.org/10.1016/j.jcmgh.2022.08.004,,,kaist-A5101520308
doi,ok,200,https://doi.org/10.1016/j.jconrel.2022.07.004,,,"unist-A5041027236,unist-A5041900986"
doi,ok,200,https://doi.org/10.1016/j.joca.2025.02.534,,,"snu-A5079132836,snu-A5100752174"
doi,ok,200,https://doi.org/10.1016/j.metabol.2025.156266,,,"unist-A5035895380,unist-A5017217837"
doi,ok,200,https://doi.org/10.1016/j.mocell.2024.100011,,,"kaist-A5100434399,postech-A5047859685"
doi,ok,200,https://doi.org/10.1016/j.mocell.2024.100029,,,unist-A5035895380
doi,ok,200,https://doi.org/10.1016/j.mocell.2024.100102,,,"kaist-A5100434399,snu-A5079132836"
doi,ok,200,https://doi.org/10.1016/j.mocell.2024.100112,,,kaist-A5059786116
doi,ok,200,https://doi.org/10.1016/j.mocell.2024.100114,,,"snu-A5082258548,snu-A5073145639"
doi,ok,200,https://doi.org/10.1016/j.mocell.2024.100141,,,kaist-A5100434399
doi,ok,200,https://doi.org/10.1016/j.mocell.2024.100149,,,snu-A5080563770
doi,ok,200,https://doi.org/10.1016/j.mocell.2024.100162,,,snu-A5035020917
doi,ok,200,https://doi.org/10.1016/j.mocell.2025.100193,,,postech-A5034657214
doi,ok,200,https://doi.org/10.1016/j.mocell.2025.100225,,,"kaist-A5028509727,snu-A5091015282"
doi,ok,200,https://doi.org/10.1016/j.mocell.2025.100238,,,unist-A5021577151
doi,ok,200,https://doi.org/10.1016/j.mocell.2025.100239,,,unist-A5007769445
doi,ok,200,https://doi.org/10.1016/j.mocell.2025.100252,,,snu-A5055484396
doi,ok,200,https://doi.org/10.1016/j.mocell.2025.100297,,,kaist-A5100434399
doi,ok,200,https://doi.org/10.1016/j.molcel.2025.05.021,,,"snu-A5082258548,snu-A5035400785"
doi,ok,200,https://doi.org/10.1016/j.molcel.2026.01.031,,,"kaist-A5028509727,kaist-A5059786116,kaist-A5100434399"
doi,ok,200,https://doi.org/10.1016/j.molp.2023.05.010,,,"postech-A5052023515,postech-A5010154886"
doi,ok,200,https://doi.org/10.1016/j.nantod.2023.102075,,,"unist-A5041027236,unist-A5100749356"
doi,ok,200,https://doi.org/10.1016/j.nantod.2024.102474,,,"unist-A5041027236,unist-A5100749356"
doi,ok,200,https://doi.org/10.1016/j.pbi.2024.102593,,,snu-A5057696830
doi,ok,200,https://doi.org/10.1016/j.pbi.2026.102875,,,snu-A5100447456
doi,ok,200,https://doi.org/10.1016/j.redox.2022.102347,,,unist-A5100749356
doi,ok,200,https://doi.org/10.1016/j.sbi.2024.102981,,,snu-A5044961635
doi,ok,200,https://doi.org/10.1016/j.stem.2022.04.001,,,postech-A5100635271
doi,ok,200,https://doi.org/10.1016/j.str.2025.03.006,,,"postech-A5074578302,gist-A5088628057"
doi,ok,200,https://doi.org/10.1016/j.stress.2025.100941,,,"kaist-A5102961870,snu-A5073424725"
doi,ok,200,https://doi.org/10.1016/j.tem.2026.01.012,,,snu-A5080563770
doi,ok,200,https://doi.org/10.1016/j.tig.2022.06.009,,,"kaist-A5028509727,kaist-A5087466819"
doi,ok,200,https://doi.org/10.1016/j.tig.2026.08.003,,,kaist-A5028509727
doi,ok,200,https://doi.org/10.1016/j.xcrm.2024.101461,,,kaist-A5038114229
doi,ok,200,https://doi.org/10.1016/j.xcrm.2026.102939,,,"kaist-A5023660115,kaist-A5062127128"
doi,ok,200,https://doi.org/10.1016/j.xplc.2022.100510,,,postech-A5100650467
doi,ok,200,https://doi.org/10.1016/j.xplc.2025.101241,,,postech-A5010154886
doi,ok,200,https://doi.org/10.1021/acs.biomac.2c01001,,,unist-A5041027236
doi,ok,200,https://doi.org/10.1021/acs.jmedchem.4c01214,,,"gist-A5087995307,gist-A5088628057"
doi,ok,200,https://doi.org/10.1021/acs.jmedchem.4c02008,,,"gist-A5087995307,gist-A5031635205,gist-A5088628057"
doi,ok,200,https://doi.org/10.1021/acs.jmedchem.5c01391,,,"gist-A5087995307,gist-A5038581059"
doi,ok,200,https://doi.org/10.1021/acs.molpharmaceut.5c00146,,,"unist-A5041027236,unist-A5100749356,unist-A5007769445"
doi,ok,200,https://doi.org/10.1021/acsami.4c00174,,,kaist-A5045941705
doi,ok,200,https://doi.org/10.1021/acsami.5c04021,,,unist-A5041027236
doi,ok,200,https://doi.org/10.1021/acsmedchemlett.2c00070,,,gist-A5031635205
doi,ok,200,https://doi.org/10.1021/acsnano.4c14791,,,"kaist-A5087466819,snu-A5002951805"
doi,ok,200,https://doi.org/10.1021/acsnano.4c18646,,,unist-A5008186315
doi,ok,200,https://doi.org/10.1021/acssuschemeng.2c01307,,,unist-A5068286820
doi,ok,200,https://doi.org/10.1021/acssynbio.3c00698,,,postech-A5100334905
doi,ok,200,https://doi.org/10.1038/s12276-021-00705-9,,,kaist-A5062127128
doi,ok,200,https://doi.org/10.1038/s12276-022-00768-2,,,kaist-A5046978935
doi,ok,200,https://doi.org/10.1038/s12276-022-00773-5,,,"kaist-A5023660115,snu-A5027374744"
doi,ok,200,https://doi.org/10.1038/s12276-023-01047-4,,,"unist-A5100749356,unist-A5041900986,unist-A5017217837"
doi,ok,200,https://doi.org/10.1038/s12276-023-01069-y,,,snu-A5079920356
doi,ok,200,https://doi.org/10.1038/s12276-023-01073-2,,,kaist-A5087466819
doi,ok,200,https://doi.org/10.1038/s12276-023-01093-y,,,postech-A5068518101
doi,ok,200,https://doi.org/10.1038/s12276-023-01097-8,,,snu-A5100619952
doi,ok,200,https://doi.org/10.1038/s12276-023-01101-1,,,postech-A5103183496
doi,ok,200,https://doi.org/10.1038/s12276-023-01104-y,,,"unist-A5057203654,unist-A5041900986"
doi,ok,200,https://doi.org/10.1038/s12276-023-01132-8,,,dgist-A5015429226
doi,ok,200,https://doi.org/10.1038/s12276-023-01151-5,,,postech-A5070884113
doi,ok,200,https://doi.org/10.1038/s12276-024-01169-3,,,"kaist-A5087466819,postech-A5100635271"
doi,ok,200,https://doi.org/10.1038/s12276-024-01209-y,,,unist-A5041900986
doi,ok,200,https://doi.org/10.1038/s12276-024-01220-3,,,kaist-A5028509727
doi,ok,200,https://doi.org/10.1038/s12276-024-01228-9,,,kaist-A5089223715
doi,ok,200,https://doi.org/10.1038/s12276-024-01316-w,,,"kaist-A5028509727,kaist-A5038114229"
doi,ok,200,https://doi.org/10.1038/s12276-024-01337-5,,,postech-A5048461457
doi,ok,200,https://doi.org/10.1038/s12276-025-01432-1,,,unist-A5057203654
doi,ok,200,https://doi.org/10.1038/s12276-025-01494-1,,,postech-A5103183496
doi,ok,200,https://doi.org/10.1038/s12276-025-01497-y,,,snu-A5091015282
doi,ok,200,https://doi.org/10.1038/s12276-025-01551-9,,,gist-A5071676695
doi,ok,200,https://doi.org/10.1038/s12276-026-01650-1,,,unist-A5041900986
doi,ok,200,https://doi.org/10.1038/s12276-026-01683-6,,,snu-A5073947704
doi,ok,200,https://doi.org/10.1038/s12276-026-01850-9,,,unist-A5017217837
doi,ok,200,https://doi.org/10.1038/s41375-026-02916-3,,,kaist-A5038871139
doi,ok,200,https://doi.org/10.1038/s41380-022-01856-5,,,"kaist-A5087466819,postech-A5069176618"
doi,ok,200,https://doi.org/10.1038/s41380-023-02129-5,,,"kaist-A5013204190,snu-A5027374744"
doi,ok,200,https://doi.org/10.1038/s41388-026-03717-9,,,gist-A5075061660
doi,ok,200,https://doi.org/10.1038/s41392-025-02314-8,,,unist-A5021577151
doi,ok,200,https://doi.org/10.1038/s41418-025-01466-y,,,kaist-A5103056397
doi,ok,200,https://doi.org/10.1038/s41418-026-01734-5,,,kaist-A5103056397
doi,ok,200,https://doi.org/10.1038/s41419-022-05039-6,,,"kaist-A5101520308,kaist-A5062127128,kaist-A5072366749"
doi,ok,200,https://doi.org/10.1038/s41419-023-05967-x,,,postech-A5080004279
doi,ok,200,https://doi.org/10.1038/s41420-022-01090-6,,,postech-A5080004279
doi,ok,200,https://doi.org/10.1038/s41420-026-02977-4,,,postech-A5080004279
doi,ok,200,https://doi.org/10.1038/s41423-025-01333-3,,,postech-A5018682015
doi,ok,200,https://doi.org/10.1038/s41467-022-28186-y,,,dgist-A5000829476
doi,ok,200,https://doi.org/10.1038/s41467-022-28385-7,,,snu-A5100752174
doi,ok,200,https://doi.org/10.1038/s41467-022-28510-6,,,"snu-A5055820463,snu-A5091015282"
doi,ok,200,https://doi.org/10.1038/s41467-022-28592-2,,,gist-A5100757887
doi,ok,200,https://doi.org/10.1038/s41467-022-28827-2,,,snu-A5002329152
doi,ok,200,https://doi.org/10.1038/s41467-022-29934-w,,,postech-A5068518101
doi,ok,200,https://doi.org/10.1038/s41467-022-31535-6,,,"postech-A5047859685,postech-A5018682015"
doi,ok,200,https://doi.org/10.1038/s41467-022-33991-6,,,"kaist-A5023660115,snu-A5027374744"
doi,ok,200,https://doi.org/10.1038/s41467-022-34292-8,,,postech-A5103183496
doi,ok,200,https://doi.org/10.1038/s41467-022-34395-2,,,gist-A5100740580
doi,ok,200,https://doi.org/10.1038/s41467-022-34602-0,,,postech-A5074578302
doi,ok,200,https://doi.org/10.1038/s41467-022-34612-y,,,"postech-A5103183496,dgist-A5000829476"
doi,ok,200,https://doi.org/10.1038/s41467-023-35795-8,,,snu-A5010084845
doi,ok,200,https://doi.org/10.1038/s41467-023-37421-z,,,kaist-A5089750807
doi,ok,200,https://doi.org/10.1038/s41467-023-38707-y,,,gist-A5023173703
doi,ok,200,https://doi.org/10.1038/s41467-023-39343-2,,,postech-A5069176618
doi,ok,200,https://doi.org/10.1038/s41467-023-40929-z,,,snu-A5035400785
doi,ok,200,https://doi.org/10.1038/s41467-023-42015-w,,,"kaist-A5028509727,kaist-A5089223715"
doi,ok,200,https://doi.org/10.1038/s41467-023-43983-9,,,"snu-A5091015282,snu-A5043286860"
doi,ok,200,https://doi.org/10.1038/s41467-023-44181-3,,,"snu-A5080563770,postech-A5100635271"
doi,ok,200,https://doi.org/10.1038/s41467-023-44427-0,,,"snu-A5010084845,snu-A5027374744,postech-A5100635271"
doi,ok,200,https://doi.org/10.1038/s41467-024-44747-9,,,"snu-A5035400785,postech-A5070884113"
doi,ok,200,https://doi.org/10.1038/s41467-024-44867-2,,,kaist-A5089863464
doi,ok,200,https://doi.org/10.1038/s41467-024-45943-3,,,snu-A5100366248
doi,ok,200,https://doi.org/10.1038/s41467-024-46034-z,,,"snu-A5082258548,postech-A5069176618"
doi,ok,200,https://doi.org/10.1038/s41467-024-47108-8,,,postech-A5100635271
doi,ok,200,https://doi.org/10.1038/s41467-024-48179-3,,,"snu-A5080563770,snu-A5027374744"
doi,ok,200,https://doi.org/10.1038/s41467-024-51050-0,,,snu-A5010084845
doi,ok,200,https://doi.org/10.1038/s41467-024-51961-y,,,"snu-A5101407061,snu-A5091015282"
doi,ok,200,https://doi.org/10.1038/s41467-024-52807-3,,,"gist-A5100757887,gist-A5102904761"
doi,ok,200,https://doi.org/10.1038/s41467-024-53038-2,,,"snu-A5027374744,postech-A5100635271"
doi,ok,200,https://doi.org/10.1038/s41467-024-54803-z,,,"postech-A5068518101,postech-A5034657214"
doi,ok,200,https://doi.org/10.1038/s41467-024-54920-9,,,gist-A5071676695
doi,ok,200,https://doi.org/10.1038/s41467-024-55085-1,,,"snu-A5079132836,snu-A5100752174"
doi,ok,200,https://doi.org/10.1038/s41467-025-56929-0,,,snu-A5079132836
doi,ok,200,https://doi.org/10.1038/s41467-025-57148-3,,,snu-A5044961635
doi,ok,200,https://doi.org/10.1038/s41467-025-57237-3,,,"snu-A5027374744,unist-A5100749356"
doi,ok,200,https://doi.org/10.1038/s41467-025-59327-8,,,kaist-A5089750807
doi,ok,200,https://doi.org/10.1038/s41467-025-60226-1,,,snu-A5079920356
doi,ok,200,https://doi.org/10.1038/s41467-025-60702-8,,,postech-A5100635271
doi,ok,200,https://doi.org/10.1038/s41467-025-61544-0,,,"postech-A5068518101,postech-A5018682015"
doi,ok,200,https://doi.org/10.1038/s41467-025-62663-4,,,snu-A5002951805
doi,ok,200,https://doi.org/10.1038/s41467-025-62756-0,,,snu-A5082258548
doi,ok,200,https://doi.org/10.1038/s41467-025-63015-y,,,snu-A5043554497
doi,ok,200,https://doi.org/10.1038/s41467-025-63025-w,,,kaist-A5089863464
doi,ok,200,https://doi.org/10.1038/s41467-025-63473-4,,,postech-A5087260130
doi,ok,200,https://doi.org/10.1038/s41467-025-63822-3,,,snu-A5059809445
doi,ok,200,https://doi.org/10.1038/s41467-025-64088-5,,,kaist-A5072366749
doi,ok,200,https://doi.org/10.1038/s41467-025-64431-w,,,"snu-A5079762603,snu-A5002951805"
doi,ok,200,https://doi.org/10.1038/s41467-025-64635-0,,,"kaist-A5023660115,kaist-A5089863464"
doi,ok,200,https://doi.org/10.1038/s41467-025-67417-w,,,"kaist-A5028509727,snu-A5082258548"
doi,ok,200,https://doi.org/10.1038/s41467-026-69129-1,,,"kaist-A5072366749,unist-A5057203654"
doi,ok,200,https://doi.org/10.1038/s41467-026-73295-7,,,"kaist-A5028509727,kaist-A5059786116,kaist-A5100434399"
doi,ok,200,https://doi.org/10.1038/s41467-026-75308-x,,,"postech-A5068518101,postech-A5034657214,postech-A5047859685,postech-A5100635271,postech-A5018682015"
doi,ok,200,https://doi.org/10.1038/s41467-026-76161-8,,,"kaist-A5028509727,kaist-A5087466819"
doi,ok,200,https://doi.org/10.1038/s41477-025-01976-0,,,"postech-A5100635271,dgist-A5083518122"
doi,ok,200,https://doi.org/10.1038/s41477-025-02028-3,,,"snu-A5059278158,snu-A5073424725"
doi,ok,200,https://doi.org/10.1038/s41551-024-01241-3,,,snu-A5055820463
doi,ok,200,https://doi.org/10.1038/s41559-022-01952-3,,,snu-A5002329152
doi,ok,200,https://doi.org/10.1038/s41564-024-01791-x,,,snu-A5044961635
doi,ok,200,https://doi.org/10.1038/s41564-025-02078-5,,,"snu-A5043554497,snu-A5101407061"
doi,ok,200,https://doi.org/10.1038/s41586-023-05723-3,,,"snu-A5043554497,snu-A5079762603"
doi,ok,200,https://doi.org/10.1038/s41586-026-10640-2,,,"snu-A5043554497,snu-A5079762603"
doi,ok,200,https://doi.org/10.1038/s41586-026-10964-z,,,"kaist-A5013204190,kaist-A5087466819,kaist-A5072366749,unist-A5057203654"
doi,ok,200,https://doi.org/10.1038/s41587-023-01773-0,,,snu-A5019985343
doi,ok,200,https://doi.org/10.1038/s41587-025-02891-7,,,"snu-A5043554497,snu-A5100752174,snu-A5073947704"
doi,ok,200,https://doi.org/10.1038/s41589-022-01002-w,,,"snu-A5079762603,snu-A5019985343,snu-A5055820463,snu-A5091015282"
doi,ok,200,https://doi.org/10.1038/s41589-025-01922-3,,,"kaist-A5087466819,kaist-A5089863464"
doi,ok,200,https://doi.org/10.1038/s41590-024-01816-x,,,"snu-A5100619952,postech-A5047859685,postech-A5100635271,postech-A5018682015"
doi,ok,200,https://doi.org/10.1038/s41592-022-01488-1,,,snu-A5019985343
doi,ok,200,https://doi.org/10.1038/s41592-023-02122-4,,,"kaist-A5013204190,kaist-A5089863464"
doi,ok,200,https://doi.org/10.1038/s41592-025-02819-8,,,snu-A5019985343
doi,ok,200,https://doi.org/10.1038/s41594-023-01187-1,,,snu-A5043554497
doi,ok,200,https://doi.org/10.1038/s41598-022-22929-z,,,dgist-A5037567383
doi,ok,200,https://doi.org/10.1038/s41598-022-23317-3,,,"snu-A5101407061,snu-A5073947704"
doi,ok,200,https://doi.org/10.1038/s41598-023-28531-1,,,snu-A5043286860
doi,ok,200,https://doi.org/10.1038/s41598-023-38571-2,,,snu-A5100447456
doi,ok,200,https://doi.org/10.1038/s41598-024-54205-7,,,snu-A5079762603
doi,ok,200,https://doi.org/10.1038/s41598-025-03311-1,,,unist-A5035895380
doi,ok,200,https://doi.org/10.1038/s41598-025-28453-0,,,dgist-A5078210130
doi,ok,200,https://doi.org/10.1038/s41598-025-32334-x,,,postech-A5100334905
doi,ok,200,https://doi.org/10.1038/s41598-026-37189-4,,,"gist-A5087995307,gist-A5038581059"
doi,ok,200,https://doi.org/10.1038/s41598-026-49303-7,,,dgist-A5037567383
doi,ok,200,https://doi.org/10.1038/s42003-022-03370-4,,,"snu-A5079132836,snu-A5091015282"
doi,ok,200,https://doi.org/10.1038/s42003-024-06068-x,,,snu-A5035020917
doi,ok,200,https://doi.org/10.1038/s42003-024-06879-y,,,gist-A5031635205
doi,ok,200,https://doi.org/10.1038/s42003-025-09323-x,,,gist-A5100757887
doi,ok,200,https://doi.org/10.1038/s42255-023-00747-5,,,"snu-A5079132836,snu-A5100752174,snu-A5035400785"
doi,ok,200,https://doi.org/10.1038/s42255-023-00786-y,,,snu-A5080563770
doi,ok,200,https://doi.org/10.1038/s42255-024-01045-4,,,"kaist-A5038114229,snu-A5080563770"
doi,ok,200,https://doi.org/10.1038/s43018-022-00479-7,,,"snu-A5010084845,snu-A5027374744"
doi,ok,200,https://doi.org/10.1038/s44319-025-00436-2,,,snu-A5035400785
doi,ok,200,https://doi.org/10.1038/s44321-025-00234-2,,,gist-A5023739451
doi,ok,200,https://doi.org/10.1039/d3me00173c,,,kaist-A5045941705
doi,ok,200,https://doi.org/10.1042/bst20253043,,,gist-A5010846406
doi,ok,200,https://doi.org/10.1073/pnas.2103532119,,,"unist-A5008036043,unist-A5017217837"
doi,ok,200,https://doi.org/10.1073/pnas.2205626119,,,unist-A5008186315
doi,ok,200,https://doi.org/10.1073/pnas.2209781120,,,postech-A5010154886
doi,ok,200,https://doi.org/10.1073/pnas.2211501120,,,gist-A5010846406
doi,ok,200,https://doi.org/10.1073/pnas.2214507120,,,"postech-A5069176618,postech-A5080004279"
doi,ok,200,https://doi.org/10.1073/pnas.2219972120,,,dgist-A5078210130
doi,ok,200,https://doi.org/10.1073/pnas.2301007120,,,"snu-A5019985343,snu-A5067045439"
doi,ok,200,https://doi.org/10.1073/pnas.2303402120,,,postech-A5069176618
doi,ok,200,https://doi.org/10.1073/pnas.2310126120,,,snu-A5048256742
doi,ok,200,https://doi.org/10.1073/pnas.2322009121,,,"postech-A5068518101,postech-A5034657214,postech-A5018682015"
doi,ok,200,https://doi.org/10.1073/pnas.2413698122,,,postech-A5052023515
doi,ok,200,https://doi.org/10.1073/pnas.2415069122,,,dgist-A5010447099
doi,ok,200,https://doi.org/10.1073/pnas.2415695121,,,kaist-A5083929538
doi,ok,200,https://doi.org/10.1073/pnas.2419096122,,,"snu-A5082258548,snu-A5079762603,snu-A5019985343,snu-A5056148684"
doi,ok,200,https://doi.org/10.1073/pnas.2420313122,,,"postech-A5068518101,postech-A5034657214"
doi,ok,200,https://doi.org/10.1073/pnas.2505217122,,,"kaist-A5100434399,kaist-A5038871139,snu-A5079132836"
doi,ok,200,https://doi.org/10.1073/pnas.2505291122,,,"gist-A5100740580,gist-A5023173703"
doi,ok,200,https://doi.org/10.1073/pnas.2508475122,,,snu-A5101407061
doi,ok,200,https://doi.org/10.1073/pnas.2517205122,,,snu-A5048256742
doi,ok,200,https://doi.org/10.1073/pnas.2620626123,,,snu-A5048256742
doi,ok,200,https://doi.org/10.1080/01677063.2022.2144292,,,"snu-A5035400785,gist-A5100757887"
doi,ok,200,https://doi.org/10.1080/15548627.2023.2182478,,,snu-A5043286860
doi,ok,200,https://doi.org/10.1080/19420862.2025.2528902,,,kaist-A5023660115
doi,ok,200,https://doi.org/10.1080/19490976.2025.2516702,,,postech-A5018682015
doi,ok,200,https://doi.org/10.1080/19768354.2022.2143895,,,snu-A5079132836
doi,ok,200,https://doi.org/10.1080/19768354.2022.2157480,,,kaist-A5101520308
doi,ok,200,https://doi.org/10.1080/19768354.2024.2442393,,,postech-A5074578302
doi,ok,200,https://doi.org/10.1080/19768354.2025.2477789,,,unist-A5008036043
doi,ok,200,https://doi.org/10.1080/19768354.2026.2625524,,,dgist-A5021944943
doi,ok,200,https://doi.org/10.1083/jcb.202109090,,,"gist-A5038581059,gist-A5010846406"
doi,ok,200,https://doi.org/10.1093/brain/awaf299,,,snu-A5059809445
doi,ok,200,https://doi.org/10.1093/cvr/cvaf224,,,unist-A5100749356
doi,ok,200,https://doi.org/10.1093/discim/kyae003,,,kaist-A5103056397
doi,ok,200,https://doi.org/10.1093/gbe/evaf085,,,"snu-A5100366248,snu-A5091015282"
doi,ok,200,https://doi.org/10.1093/gbe/evag064,,,snu-A5035020917
doi,ok,200,https://doi.org/10.1093/genetics/iyag208,,,snu-A5020003410
doi,ok,200,https://doi.org/10.1093/gpbjnl/qzaf070,,,"snu-A5100619952,postech-A5047859685,postech-A5018682015"
doi,ok,200,https://doi.org/10.1093/ismejo/wraf245,,,unist-A5068286820
doi,ok,200,https://doi.org/10.1093/jimmun/vkag141.1112,,,"gist-A5100740580,gist-A5023173703"
doi,ok,200,https://doi.org/10.1093/jimmun/vkag141.1577,,,"snu-A5079920356,unist-A5007769445"
doi,ok,200,https://doi.org/10.1093/jxb/erac050,,,"snu-A5027374744,dgist-A5083365266"
doi,ok,200,https://doi.org/10.1093/nar/gkac009,,,dgist-A5010447099
doi,ok,200,https://doi.org/10.1093/nar/gkad543,,,"unist-A5041900986,unist-A5017217837"
doi,ok,200,https://doi.org/10.1093/nar/gkad732,,,dgist-A5010447099
doi,ok,200,https://doi.org/10.1093/nar/gkad763,,,kaist-A5028509727
doi,ok,200,https://doi.org/10.1093/nar/gkae079,,,snu-A5091561167
doi,ok,200,https://doi.org/10.1093/nar/gkae1281,,,"kaist-A5101520308,kaist-A5059786116,kaist-A5089223715"
doi,ok,200,https://doi.org/10.1093/nar/gkae549,,,postech-A5100334905
doi,ok,200,https://doi.org/10.1093/nar/gkaf034,,,kaist-A5059786116
doi,ok,200,https://doi.org/10.1093/nar/gkaf1036,,,postech-A5100650467
doi,ok,200,https://doi.org/10.1093/nar/gkaf674,,,"snu-A5043554497,snu-A5082258548"
doi,ok,200,https://doi.org/10.1093/nar/gkag170,,,"kaist-A5059786116,gist-A5088628057"
doi,ok,200,https://doi.org/10.1093/nar/gkag751,,,"snu-A5079762603,snu-A5044961635,snu-A5056148684"
doi,ok,200,https://doi.org/10.1093/nar/gkag837,,,"kaist-A5046978935,postech-A5068518101"
doi,ok,200,https://doi.org/10.1093/plcell/koae327,,,snu-A5100447456
doi,ok,200,https://doi.org/10.1093/plphys/kiad029,,,kaist-A5089750807
doi,ok,200,https://doi.org/10.1093/plphys/kiae173,,,"snu-A5059278158,snu-A5027374744"
doi,ok,200,https://doi.org/10.1098/rspb.2024.1357,,,dgist-A5078210130
doi,ok,200,https://doi.org/10.1107/s2052252523001501,,,gist-A5038581059
doi,ok,200,https://doi.org/10.1111/ddi.70020,,,snu-A5073424725
doi,ok,200,https://doi.org/10.1111/febs.16813,,,gist-A5038581059
doi,ok,200,https://doi.org/10.1111/febs.17141,,,snu-A5079132836
doi,ok,200,https://doi.org/10.1111/jnc.70292,,,kaist-A5013204190
doi,ok,200,https://doi.org/10.1111/nph.17992,,,kaist-A5102961870
doi,ok,200,https://doi.org/10.1111/nph.18303,,,"kaist-A5102961870,snu-A5059278158"
doi,ok,200,https://doi.org/10.1111/nph.19997,,,"snu-A5059278158,dgist-A5083518122"
doi,ok,200,https://doi.org/10.1111/nph.20012,,,kaist-A5102961870
doi,ok,200,https://doi.org/10.1111/nph.70304,,,"snu-A5055484396,postech-A5052023515"
doi,ok,200,https://doi.org/10.1111/nph.70325,,,"kaist-A5102961870,snu-A5073424725"
doi,ok,200,https://doi.org/10.1111/nph.71051,,,"snu-A5073145639,snu-A5055484396,snu-A5027374744"
doi,ok,200,https://doi.org/10.1111/pce.14317,,,"snu-A5027374744,dgist-A5083365266"
doi,ok,200,https://doi.org/10.1111/tpj.71094,,,dgist-A5083365266
doi,ok,200,https://doi.org/10.1117/1.nph.10.1.015003,,,snu-A5002951805
doi,ok,200,https://doi.org/10.1126/sciadv.abl4222,,,unist-A5008036043
doi,ok,200,https://doi.org/10.1126/sciadv.adj0785,,,"postech-A5047859685,postech-A5018682015"
doi,ok,200,https://doi.org/10.1126/sciadv.adj4433,,,"kaist-A5062127128,kaist-A5089863464"
doi,ok,200,https://doi.org/10.1126/sciadv.adn3221,,,kaist-A5083929538
doi,ok,200,https://doi.org/10.1126/sciadv.adn7577,,,kaist-A5089863464
doi,ok,200,https://doi.org/10.1126/sciadv.adp8271,,,"kaist-A5087466819,postech-A5068518101,postech-A5100650467,postech-A5069176618,postech-A5080004279"
doi,ok,200,https://doi.org/10.1126/sciadv.ads5552,,,snu-A5079762603
doi,ok,200,https://doi.org/10.1126/sciadv.adt6996,,,kaist-A5055397906
doi,ok,200,https://doi.org/10.1126/sciadv.adw6064,,,"snu-A5079762603,snu-A5035400785"
doi,ok,200,https://doi.org/10.1126/sciadv.aea3979,,,"snu-A5079920356,unist-A5007769445"
doi,ok,200,https://doi.org/10.1126/sciadv.aea7235,,,kaist-A5038114229
doi,ok,200,https://doi.org/10.1126/sciadv.aeh2771,,,"snu-A5079762603,snu-A5035400785"
doi,ok,200,https://doi.org/10.1126/science.ads4539,,,snu-A5043554497
doi,ok,200,https://doi.org/10.1126/science.adt1630,,,"snu-A5044961635,snu-A5091015282"
doi,ok,200,https://doi.org/10.1126/science.adu9904,,,snu-A5002329152
doi,ok,200,https://doi.org/10.1126/science.aed2953,,,snu-A5055484396
doi,ok,200,https://doi.org/10.1126/sciimmunol.adf2248,,,"postech-A5034657214,postech-A5018682015"
doi,ok,200,https://doi.org/10.1128/spectrum.00173-23,,,unist-A5068286820
doi,ok,200,https://doi.org/10.1128/spectrum.01048-24,,,"snu-A5100366248,snu-A5043286860"
doi,ok,200,https://doi.org/10.1136/jitc-2025-011636,,,gist-A5100740580
doi,ok,200,https://doi.org/10.1146/annurev-biochem-032620-104637,,,snu-A5055820463
doi,ok,200,https://doi.org/10.1146/annurev-biophys-070524-100658,,,snu-A5055820463
doi,ok,200,https://doi.org/10.1172/jci.insight.158380,,,snu-A5101786821
doi,ok,200,https://doi.org/10.1186/s12862-024-02228-z,,,"kaist-A5102961870,snu-A5073424725"
doi,ok,200,https://doi.org/10.1186/s12864-023-09128-4,,,"snu-A5002329152,snu-A5057696830,snu-A5055484396"
doi,ok,200,https://doi.org/10.1186/s12864-023-09255-y,,,snu-A5100366248
doi,ok,200,https://doi.org/10.1186/s12870-023-04596-y,,,"snu-A5048256742,snu-A5057696830"
doi,ok,200,https://doi.org/10.1186/s12870-025-06283-6,,,snu-A5055484396
doi,ok,200,https://doi.org/10.1186/s12943-025-02256-3,,,snu-A5027374744
doi,ok,200,https://doi.org/10.1186/s12943-025-02543-z,,,"kaist-A5087466819,postech-A5100635271"
doi,ok,200,https://doi.org/10.1186/s12951-022-01762-6,,,unist-A5041027236
doi,ok,200,https://doi.org/10.1186/s12964-024-01907-0,,,"kaist-A5103056397,kaist-A5101520308"
doi,ok,200,https://doi.org/10.1186/s12964-025-02099-x,,,snu-A5043286860
doi,ok,200,https://doi.org/10.1186/s13007-025-01443-z,,,snu-A5073145639
doi,ok,200,https://doi.org/10.1186/s13024-025-00870-9,,,kaist-A5072366749
doi,ok,200,https://doi.org/10.1186/s13059-023-02952-7,,,"snu-A5027374744,postech-A5052023515,postech-A5010154886"
doi,ok,200,https://doi.org/10.1186/s13229-022-00518-1,,,"kaist-A5013204190,kaist-A5083929538"
doi,ok,200,https://doi.org/10.1186/s13287-025-04576-z,,,dgist-A5015429226
doi,ok,200,https://doi.org/10.1371/journal.pbio.3002192,,,"snu-A5101786821,snu-A5035400785"
doi,ok,200,https://doi.org/10.1371/journal.pbio.3002252,,,"kaist-A5101520308,kaist-A5062127128"
doi,ok,200,https://doi.org/10.1371/journal.pbio.3002596,,,"kaist-A5013204190,kaist-A5089223715"
doi,ok,200,https://doi.org/10.1371/journal.pgen.1011652,,,snu-A5100619952
doi,ok,200,https://doi.org/10.1371/journal.pone.0318307,,,snu-A5103145861
doi,ok,200,https://doi.org/10.14348/molcells.2022.0035,,,snu-A5091561167
doi,ok,200,https://doi.org/10.14348/molcells.2022.0097,,,kaist-A5100434399
doi,ok,200,https://doi.org/10.14348/molcells.2022.2054,,,postech-A5052023515
doi,ok,200,https://doi.org/10.14348/molcells.2023.0009,,,snu-A5027374744
doi,ok,200,https://doi.org/10.14348/molcells.2023.0051,,,snu-A5059809445
doi,ok,200,https://doi.org/10.14348/molcells.2023.0079,,,snu-A5100752174
doi,ok,200,https://doi.org/10.14348/molcells.2023.2158,,,snu-A5059278158
doi,ok,200,https://doi.org/10.14791/btrt.2023.0011,,,dgist-A5080133701
doi,ok,200,https://doi.org/10.14791/btrt.2025.0047,,,dgist-A5080133701
doi,ok,200,https://doi.org/10.1523/jneurosci.1407-22.2022,,,kaist-A5055397906
doi,ok,200,https://doi.org/10.15252/embj.2021109958,,,"postech-A5052023515,postech-A5010154886"
doi,ok,200,https://doi.org/10.15283/ijsc22004,,,kaist-A5087466819
doi,ok,200,https://doi.org/10.15283/ijsc25131,,,postech-A5070884113
doi,ok,200,https://doi.org/10.1681/asn.0000000000000354,,,"gist-A5100740580,gist-A5023173703"
doi,ok,200,https://doi.org/10.2337/db21-0649,,,"snu-A5080563770,snu-A5082258548"
doi,ok,200,https://doi.org/10.26508/lsa.202402621,,,"gist-A5031635205,gist-A5088628057"
doi,ok,200,https://doi.org/10.26508/lsa.202402992,,,gist-A5088628057
doi,ok,200,https://doi.org/10.3389/fcell.2022.822026,,,kaist-A5089223715
doi,ok,200,https://doi.org/10.3389/fcell.2022.931968,,,dgist-A5000829476
doi,ok,200,https://doi.org/10.3389/fimmu.2021.807648,,,kaist-A5031437702
doi,ok,200,https://doi.org/10.3389/fimmu.2022.919728,,,kaist-A5031437702
doi,ok,200,https://doi.org/10.3389/fimmu.2023.1148727,,,unist-A5007769445
doi,ok,200,https://doi.org/10.3389/fmicb.2025.1593617,,,snu-A5056148684
doi,ok,200,https://doi.org/10.3389/fnbeh.2022.860027,,,kaist-A5055397906
doi,ok,200,https://doi.org/10.3389/fpls.2022.964931,,,snu-A5073145639
doi,ok,200,https://doi.org/10.3390/antiox13010109,,,dgist-A5021944943
doi,ok,200,https://doi.org/10.3390/biomedicines11030654,,,unist-A5008186315
doi,ok,200,https://doi.org/10.3390/cells11050771,,,unist-A5041900986
doi,ok,200,https://doi.org/10.3390/cells12222608,,,gist-A5023739451
doi,ok,200,https://doi.org/10.3390/ijms23042364,,,"gist-A5071676695,gist-A5010846406"
doi,ok,200,https://doi.org/10.3390/ijms232113606,,,unist-A5057203654
doi,ok,200,https://doi.org/10.3390/ijms24054584,,,unist-A5035895380
doi,ok,200,https://doi.org/10.3390/molecules28124645,,,postech-A5074578302
doi,ok,200,https://doi.org/10.3390/ph15040440,,,"gist-A5087995307,gist-A5088628057"
doi,ok,200,https://doi.org/10.3803/enm.2024.2185,,,kaist-A5062127128
doi,ok,200,https://doi.org/10.3897/mycokeys.98.101918,,,snu-A5067045439
doi,ok,200,https://doi.org/10.4014/jmb.2208.08009,,,snu-A5100364611
doi,ok,200,https://doi.org/10.4049/jimmunol.2300395,,,"postech-A5100635271,postech-A5018682015"
doi,ok,200,https://doi.org/10.4110/in.2023.23.e3,,,gist-A5023173703
doi,ok,200,https://doi.org/10.5009/gnl230385,,,snu-A5056148684
doi,ok,200,https://doi.org/10.5483/bmbrep.2022-0183,,,postech-A5070884113
doi,ok,200,https://doi.org/10.5483/bmbrep.2022.55.2.010,,,dgist-A5080133701
doi,ok,200,https://doi.org/10.5483/bmbrep.2023-0114,,,postech-A5087260130
doi,ok,200,https://doi.org/10.5483/bmbrep.2024-0178,,,kaist-A5059786116
doi,ok,200,https://doi.org/10.6084/m9.figshare.30997119.v1,,,"kaist-A5087466819,kaist-A5038114229"
doi,ok,200,https://doi.org/10.6084/m9.figshare.30997122,,,"kaist-A5087466819,kaist-A5038114229"
doi,ok,200,https://doi.org/10.6084/m9.figshare.30997122.v1,,,"kaist-A5087466819,kaist-A5038114229"
doi,ok,200,https://doi.org/10.65457/cmjbm-2026-0009,,,dgist-A5000829476
doi,ok,200,https://doi.org/10.71150/jm.2411017,,,"snu-A5019985343,snu-A5067045439"
doi,ok,200,https://doi.org/10.71150/jm.2503009,,,unist-A5007769445
doi,ok,200,https://doi.org/10.7150/thno.72037,,,gist-A5071676695
doi,ok,200,https://doi.org/10.7554/elife.103973,,,kaist-A5038871139
doi,ok,200,https://doi.org/10.7554/elife.109539.3,,,snu-A5103145861
doi,ok,200,https://doi.org/10.7554/elife.73523,,,"kaist-A5101520308,kaist-A5046978935"
doi,ok,200,https://doi.org/10.7554/elife.74998,,,"kaist-A5013204190,kaist-A5083929538"
doi,ok,200,https://doi.org/10.7554/elife.84594,,,"snu-A5073145639,snu-A5055484396"
doi,ok,200,https://doi.org/10.7554/elife.97662.3,,,snu-A5101786821
openalex_author,ok,200,https://openalex.org/A5000829476,https://openalex.org/A5000829476,,dgist-A5000829476
openalex_author,ok,200,https://openalex.org/A5002329152,https://openalex.org/A5002329152,,snu-A5002329152
openalex_author,ok,200,https://openalex.org/A5002951805,https://openalex.org/A5002951805,,snu-A5002951805
openalex_author,ok,200,https://openalex.org/A5007769445,https://openalex.org/A5007769445,,unist-A5007769445
openalex_author,ok,200,https://openalex.org/A5008036043,https://openalex.org/A5008036043,,unist-A5008036043
openalex_author,ok,200,https://openalex.org/A5008186315,https://openalex.org/A5008186315,,unist-A5008186315
openalex_author,ok,200,https://openalex.org/A5010084845,https://openalex.org/A5010084845,,snu-A5010084845
openalex_author,ok,200,https://openalex.org/A5010154886,https://openalex.org/A5010154886,,postech-A5010154886
openalex_author,ok,200,https://openalex.org/A5010447099,https://openalex.org/A5010447099,,dgist-A5010447099
openalex_author,ok,200,https://openalex.org/A5010846406,https://openalex.org/A5010846406,,gist-A5010846406
openalex_author,ok,200,https://openalex.org/A5013204190,https://openalex.org/A5013204190,,kaist-A5013204190
openalex_author,ok,200,https://openalex.org/A5015429226,https://openalex.org/A5015429226,,dgist-A5015429226
openalex_author,ok,200,https://openalex.org/A5017217837,https://openalex.org/A5017217837,,unist-A5017217837
openalex_author,ok,200,https://openalex.org/A5018682015,https://openalex.org/A5018682015,,postech-A5018682015
openalex_author,ok,200,https://openalex.org/A5019985343,https://openalex.org/A5019985343,,snu-A5019985343
openalex_author,ok,200,https://openalex.org/A5020003410,https://openalex.org/A5020003410,,snu-A5020003410
openalex_author,ok,200,https://openalex.org/A5021577151,https://openalex.org/A5021577151,,unist-A5021577151
openalex_author,ok,200,https://openalex.org/A5021944943,https://openalex.org/A5021944943,,dgist-A5021944943
openalex_author,ok,200,https://openalex.org/A5023173703,https://openalex.org/A5023173703,,gist-A5023173703
openalex_author,ok,200,https://openalex.org/A5023660115,https://openalex.org/A5023660115,,kaist-A5023660115
openalex_author,ok,200,https://openalex.org/A5023739451,https://openalex.org/A5023739451,,gist-A5023739451
openalex_author,ok,200,https://openalex.org/A5027374744,https://openalex.org/A5027374744,,snu-A5027374744
openalex_author,ok,200,https://openalex.org/A5028509727,https://openalex.org/A5028509727,,kaist-A5028509727
openalex_author,ok,200,https://openalex.org/A5031437702,https://openalex.org/A5031437702,,kaist-A5031437702
openalex_author,ok,200,https://openalex.org/A5031635205,https://openalex.org/A5031635205,,gist-A5031635205
openalex_author,ok,200,https://openalex.org/A5034657214,https://openalex.org/A5034657214,,postech-A5034657214
openalex_author,ok,200,https://openalex.org/A5035020917,https://openalex.org/A5035020917,,snu-A5035020917
openalex_author,ok,200,https://openalex.org/A5035400785,https://openalex.org/A5035400785,,snu-A5035400785
openalex_author,ok,200,https://openalex.org/A5035895380,https://openalex.org/A5035895380,,unist-A5035895380
openalex_author,ok,200,https://openalex.org/A5037567383,https://openalex.org/A5037567383,,dgist-A5037567383
openalex_author,ok,200,https://openalex.org/A5038114229,https://openalex.org/A5038114229,,kaist-A5038114229
openalex_author,ok,200,https://openalex.org/A5038581059,https://openalex.org/A5038581059,,gist-A5038581059
openalex_author,ok,200,https://openalex.org/A5038871139,https://openalex.org/A5038871139,,kaist-A5038871139
openalex_author,ok,200,https://openalex.org/A5041027236,https://openalex.org/A5041027236,,unist-A5041027236
openalex_author,ok,200,https://openalex.org/A5041900986,https://openalex.org/A5041900986,,unist-A5041900986
openalex_author,ok,200,https://openalex.org/A5043286860,https://openalex.org/A5043286860,,snu-A5043286860
openalex_author,ok,200,https://openalex.org/A5043554497,https://openalex.org/A5043554497,,snu-A5043554497
openalex_author,ok,200,https://openalex.org/A5044961635,https://openalex.org/A5044961635,,snu-A5044961635
openalex_author,ok,200,https://openalex.org/A5045941705,https://openalex.org/A5045941705,,kaist-A5045941705
openalex_author,ok,200,https://openalex.org/A5046978935,https://openalex.org/A5046978935,,kaist-A5046978935
openalex_author,ok,200,https://openalex.org/A5047859685,https://openalex.org/A5047859685,,postech-A5047859685
openalex_author,ok,200,https://openalex.org/A5048256742,https://openalex.org/A5048256742,,snu-A5048256742
openalex_author,ok,200,https://openalex.org/A5048461457,https://openalex.org/A5048461457,,postech-A5048461457
openalex_author,ok,200,https://openalex.org/A5052023515,https://openalex.org/A5052023515,,postech-A5052023515
openalex_author,ok,200,https://openalex.org/A5055397906,https://openalex.org/A5055397906,,kaist-A5055397906
openalex_author,ok,200,https://openalex.org/A5055484396,https://openalex.org/A5055484396,,snu-A5055484396
openalex_author,ok,200,https://openalex.org/A5055820463,https://openalex.org/A5055820463,,snu-A5055820463
openalex_author,ok,200,https://openalex.org/A5056148684,https://openalex.org/A5056148684,,snu-A5056148684
openalex_author,ok,200,https://openalex.org/A5057203654,https://openalex.org/A5057203654,,unist-A5057203654
openalex_author,ok,200,https://openalex.org/A5057696830,https://openalex.org/A5057696830,,snu-A5057696830
openalex_author,ok,200,https://openalex.org/A5059278158,https://openalex.org/A5059278158,,snu-A5059278158
openalex_author,ok,200,https://openalex.org/A5059786116,https://openalex.org/A5059786116,,kaist-A5059786116
openalex_author,ok,200,https://openalex.org/A5059809445,https://openalex.org/A5059809445,,snu-A5059809445
openalex_author,ok,200,https://openalex.org/A5062127128,https://openalex.org/A5062127128,,kaist-A5062127128
openalex_author,ok,200,https://openalex.org/A5067045439,https://openalex.org/A5067045439,,snu-A5067045439
openalex_author,ok,200,https://openalex.org/A5068286820,https://openalex.org/A5068286820,,unist-A5068286820
openalex_author,ok,200,https://openalex.org/A5068518101,https://openalex.org/A5068518101,,postech-A5068518101
openalex_author,ok,200,https://openalex.org/A5069176618,https://openalex.org/A5069176618,,postech-A5069176618
openalex_author,ok,200,https://openalex.org/A5070884113,https://openalex.org/A5070884113,,postech-A5070884113
openalex_author,ok,200,https://openalex.org/A5071676695,https://openalex.org/A5071676695,,gist-A5071676695
openalex_author,ok,200,https://openalex.org/A5072366749,https://openalex.org/A5072366749,,kaist-A5072366749
openalex_author,ok,200,https://openalex.org/A5073145639,https://openalex.org/A5073145639,,snu-A5073145639
openalex_author,ok,200,https://openalex.org/A5073424725,https://openalex.org/A5073424725,,snu-A5073424725
openalex_author,ok,200,https://openalex.org/A5073947704,https://openalex.org/A5073947704,,snu-A5073947704
openalex_author,ok,200,https://openalex.org/A5074578302,https://openalex.org/A5074578302,,postech-A5074578302
openalex_author,ok,200,https://openalex.org/A5075061660,https://openalex.org/A5075061660,,gist-A5075061660
openalex_author,ok,200,https://openalex.org/A5078210130,https://openalex.org/A5078210130,,dgist-A5078210130
openalex_author,ok,200,https://openalex.org/A5079132836,https://openalex.org/A5079132836,,snu-A5079132836
openalex_author,ok,200,https://openalex.org/A5079762603,https://openalex.org/A5079762603,,snu-A5079762603
openalex_author,ok,200,https://openalex.org/A5079920356,https://openalex.org/A5079920356,,snu-A5079920356
openalex_author,ok,200,https://openalex.org/A5080004279,https://openalex.org/A5080004279,,postech-A5080004279
openalex_author,ok,200,https://openalex.org/A5080133701,https://openalex.org/A5080133701,,dgist-A5080133701
openalex_author,ok,200,https://openalex.org/A5080563770,https://openalex.org/A5080563770,,snu-A5080563770
openalex_author,ok,200,https://openalex.org/A5082258548,https://openalex.org/A5082258548,,snu-A5082258548
openalex_author,ok,200,https://openalex.org/A5083365266,https://openalex.org/A5083365266,,dgist-A5083365266
openalex_author,ok,200,https://openalex.org/A5083518122,https://openalex.org/A5083518122,,dgist-A5083518122
openalex_author,ok,200,https://openalex.org/A5083929538,https://openalex.org/A5083929538,,kaist-A5083929538
openalex_author,ok,200,https://openalex.org/A5087260130,https://openalex.org/A5087260130,,postech-A5087260130
openalex_author,ok,200,https://openalex.org/A5087466819,https://openalex.org/A5087466819,,kaist-A5087466819
openalex_author,ok,200,https://openalex.org/A5087995307,https://openalex.org/A5087995307,,gist-A5087995307
openalex_author,ok,200,https://openalex.org/A5088628057,https://openalex.org/A5088628057,,gist-A5088628057
openalex_author,ok,200,https://openalex.org/A5089223715,https://openalex.org/A5089223715,,kaist-A5089223715
openalex_author,ok,200,https://openalex.org/A5089750807,https://openalex.org/A5089750807,,kaist-A5089750807
openalex_author,ok,200,https://openalex.org/A5089863464,https://openalex.org/A5089863464,,kaist-A5089863464
openalex_author,ok,200,https://openalex.org/A5091015282,https://openalex.org/A5091015282,,snu-A5091015282
openalex_author,ok,200,https://openalex.org/A5091561167,https://openalex.org/A5091561167,,snu-A5091561167
openalex_author,ok,200,https://openalex.org/A5100334905,https://openalex.org/A5100334905,,postech-A5100334905
openalex_author,ok,200,https://openalex.org/A5100364611,https://openalex.org/A5100364611,,snu-A5100364611
openalex_author,ok,200,https://openalex.org/A5100366248,https://openalex.org/A5100366248,,snu-A5100366248
openalex_author,ok,200,https://openalex.org/A5100434399,https://openalex.org/A5100434399,,kaist-A5100434399
openalex_author,ok,200,https://openalex.org/A5100447456,https://openalex.org/A5100447456,,snu-A5100447456
openalex_author,ok,200,https://openalex.org/A5100619952,https://openalex.org/A5100619952,,snu-A5100619952
openalex_author,ok,200,https://openalex.org/A5100635271,https://openalex.org/A5100635271,,postech-A5100635271
openalex_author,ok,200,https://openalex.org/A5100650467,https://openalex.org/A5100650467,,postech-A5100650467
openalex_author,ok,200,https://openalex.org/A5100740580,https://openalex.org/A5100740580,,gist-A5100740580
openalex_author,ok,200,https://openalex.org/A5100749356,https://openalex.org/A5100749356,,unist-A5100749356
openalex_author,ok,200,https://openalex.org/A5100752174,https://openalex.org/A5100752174,,snu-A5100752174
openalex_author,ok,200,https://openalex.org/A5100757887,https://openalex.org/A5100757887,,gist-A5100757887
openalex_author,ok,200,https://openalex.org/A5101407061,https://openalex.org/A5101407061,,snu-A5101407061
openalex_author,ok,200,https://openalex.org/A5101520308,https://openalex.org/A5101520308,,kaist-A5101520308
openalex_author,ok,200,https://openalex.org/A5101786821,https://openalex.org/A5101786821,,snu-A5101786821
openalex_author,ok,200,https://openalex.org/A5102904761,https://openalex.org/A5102904761,,gist-A5102904761
openalex_author,ok,200,https://openalex.org/A5102961870,https://openalex.org/A5102961870,,kaist-A5102961870
openalex_author,ok,200,https://openalex.org/A5103056397,https://openalex.org/A5103056397,,kaist-A5103056397
openalex_author,ok,200,https://openalex.org/A5103145861,https://openalex.org/A5103145861,,snu-A5103145861
openalex_author,ok,200,https://openalex.org/A5103183496,https://openalex.org/A5103183496,,postech-A5103183496
openalex_work,ok,200,https://openalex.org/W3026829963,https://openalex.org/W3026829963,,kaist-A5013204190
openalex_work,ok,200,https://openalex.org/W4205159468,https://openalex.org/W4205159468,,dgist-A5010447099
openalex_work,ok,200,https://openalex.org/W4205330674,https://openalex.org/W4205330674,,unist-A5008036043
openalex_work,ok,200,https://openalex.org/W4205468205,https://openalex.org/W4205468205,,kaist-A5031437702
openalex_work,ok,200,https://openalex.org/W4207031823,https://openalex.org/W4207031823,,kaist-A5102961870
openalex_work,ok,200,https://openalex.org/W4210806855,https://openalex.org/W4210806855,,"snu-A5027374744,dgist-A5083365266"
openalex_work,ok,200,https://openalex.org/W4210925581,https://openalex.org/W4210925581,,snu-A5100752174
openalex_work,ok,200,https://openalex.org/W4212950351,https://openalex.org/W4212950351,,"snu-A5055820463,snu-A5091015282"
openalex_work,ok,200,https://openalex.org/W4212972628,https://openalex.org/W4212972628,,unist-A5041900986
openalex_work,ok,200,https://openalex.org/W4213024819,https://openalex.org/W4213024819,,"gist-A5071676695,gist-A5010846406"
openalex_work,ok,200,https://openalex.org/W4214617915,https://openalex.org/W4214617915,,"unist-A5008036043,unist-A5017217837"
openalex_work,ok,200,https://openalex.org/W4214659291,https://openalex.org/W4214659291,,kaist-A5087466819
openalex_work,ok,200,https://openalex.org/W4214716672,https://openalex.org/W4214716672,,dgist-A5080133701
openalex_work,ok,200,https://openalex.org/W4220666315,https://openalex.org/W4220666315,,snu-A5002329152
openalex_work,ok,200,https://openalex.org/W4220675588,https://openalex.org/W4220675588,,gist-A5100740580
openalex_work,ok,200,https://openalex.org/W4220789290,https://openalex.org/W4220789290,,dgist-A5000829476
openalex_work,ok,200,https://openalex.org/W4220888435,https://openalex.org/W4220888435,,snu-A5055820463
openalex_work,ok,200,https://openalex.org/W4221041191,https://openalex.org/W4221041191,,"snu-A5027374744,dgist-A5083365266"
openalex_work,ok,200,https://openalex.org/W4221076631,https://openalex.org/W4221076631,,gist-A5100757887
openalex_work,ok,200,https://openalex.org/W4224132206,https://openalex.org/W4224132206,,"snu-A5100366248,snu-A5091015282"
openalex_work,ok,200,https://openalex.org/W4224254762,https://openalex.org/W4224254762,,postech-A5052023515
openalex_work,ok,200,https://openalex.org/W4224326372,https://openalex.org/W4224326372,,"gist-A5087995307,gist-A5088628057"
openalex_work,ok,200,https://openalex.org/W4225007705,https://openalex.org/W4225007705,,kaist-A5062127128
openalex_work,ok,200,https://openalex.org/W4225113875,https://openalex.org/W4225113875,,"snu-A5079762603,snu-A5019985343,snu-A5055820463,snu-A5091015282"
openalex_work,ok,200,https://openalex.org/W4225377993,https://openalex.org/W4225377993,,postech-A5068518101
openalex_work,ok,200,https://openalex.org/W4225918575,https://openalex.org/W4225918575,,"snu-A5080563770,snu-A5082258548"
openalex_work,ok,200,https://openalex.org/W4229004920,https://openalex.org/W4229004920,,kaist-A5046978935
openalex_work,ok,200,https://openalex.org/W4229011837,https://openalex.org/W4229011837,,postech-A5100635271
openalex_work,ok,200,https://openalex.org/W4229025076,https://openalex.org/W4229025076,,"snu-A5079132836,snu-A5091015282"
openalex_work,ok,200,https://openalex.org/W4280490304,https://openalex.org/W4280490304,,"kaist-A5023660115,snu-A5027374744"
openalex_work,ok,200,https://openalex.org/W4280511624,https://openalex.org/W4280511624,,"kaist-A5101520308,kaist-A5046978935"
openalex_work,ok,200,https://openalex.org/W4281253442,https://openalex.org/W4281253442,,snu-A5101786821
openalex_work,ok,200,https://openalex.org/W4281490558,https://openalex.org/W4281490558,,unist-A5100749356
openalex_work,ok,200,https://openalex.org/W4281781565,https://openalex.org/W4281781565,,unist-A5068286820
openalex_work,ok,200,https://openalex.org/W4281785758,https://openalex.org/W4281785758,,"postech-A5052023515,postech-A5010154886"
openalex_work,ok,200,https://openalex.org/W4281790889,https://openalex.org/W4281790889,,snu-A5019985343
openalex_work,ok,200,https://openalex.org/W4282913883,https://openalex.org/W4282913883,,"kaist-A5102961870,snu-A5059278158"
openalex_work,ok,200,https://openalex.org/W4283214306,https://openalex.org/W4283214306,,gist-A5031635205
openalex_work,ok,200,https://openalex.org/W4283313066,https://openalex.org/W4283313066,,unist-A5008186315
openalex_work,ok,200,https://openalex.org/W4283587616,https://openalex.org/W4283587616,,snu-A5091561167
openalex_work,ok,200,https://openalex.org/W4283657246,https://openalex.org/W4283657246,,kaist-A5031437702
openalex_work,ok,200,https://openalex.org/W4283662269,https://openalex.org/W4283662269,,"postech-A5047859685,postech-A5018682015"
openalex_work,ok,200,https://openalex.org/W4283784345,https://openalex.org/W4283784345,,"kaist-A5028509727,kaist-A5087466819"
openalex_work,ok,200,https://openalex.org/W4283817801,https://openalex.org/W4283817801,,postech-A5080004279
openalex_work,ok,200,https://openalex.org/W4284691898,https://openalex.org/W4284691898,,kaist-A5089223715
openalex_work,ok,200,https://openalex.org/W4284988801,https://openalex.org/W4284988801,,"unist-A5041027236,unist-A5041900986"
openalex_work,ok,200,https://openalex.org/W4285097788,https://openalex.org/W4285097788,,"kaist-A5101520308,kaist-A5062127128,kaist-A5072366749"
openalex_work,ok,200,https://openalex.org/W4285105253,https://openalex.org/W4285105253,,gist-A5071676695
openalex_work,ok,200,https://openalex.org/W4286828293,https://openalex.org/W4286828293,,kaist-A5055397906
openalex_work,ok,200,https://openalex.org/W4291152235,https://openalex.org/W4291152235,,snu-A5073145639
openalex_work,ok,200,https://openalex.org/W4291711029,https://openalex.org/W4291711029,,"gist-A5102904761,gist-A5031635205"
openalex_work,ok,200,https://openalex.org/W4292681846,https://openalex.org/W4292681846,,kaist-A5101520308
openalex_work,ok,200,https://openalex.org/W4292961062,https://openalex.org/W4292961062,,"snu-A5043554497,snu-A5073947704"
openalex_work,ok,200,https://openalex.org/W4295009086,https://openalex.org/W4295009086,,dgist-A5000829476
openalex_work,ok,200,https://openalex.org/W4296396557,https://openalex.org/W4296396557,,gist-A5087995307
openalex_work,ok,200,https://openalex.org/W4296604565,https://openalex.org/W4296604565,,"gist-A5031635205,gist-A5075061660"
openalex_work,ok,200,https://openalex.org/W4296793802,https://openalex.org/W4296793802,,"kaist-A5013204190,kaist-A5072366749"
openalex_work,ok,200,https://openalex.org/W4300865008,https://openalex.org/W4300865008,,"kaist-A5013204190,kaist-A5083929538"
openalex_work,ok,200,https://openalex.org/W4302761376,https://openalex.org/W4302761376,,snu-A5100364611
openalex_work,ok,200,https://openalex.org/W4304589247,https://openalex.org/W4304589247,,gist-A5023739451
openalex_work,ok,200,https://openalex.org/W4306174784,https://openalex.org/W4306174784,,snu-A5067045439
openalex_work,ok,200,https://openalex.org/W4307138125,https://openalex.org/W4307138125,,"kaist-A5023660115,snu-A5027374744"
openalex_work,ok,200,https://openalex.org/W4307838103,https://openalex.org/W4307838103,,"kaist-A5013204190,kaist-A5083929538"
openalex_work,ok,200,https://openalex.org/W4307953431,https://openalex.org/W4307953431,,postech-A5103183496
openalex_work,ok,200,https://openalex.org/W4308001825,https://openalex.org/W4308001825,,kaist-A5062127128
openalex_work,ok,200,https://openalex.org/W4308255817,https://openalex.org/W4308255817,,kaist-A5055397906
openalex_work,ok,200,https://openalex.org/W4308451002,https://openalex.org/W4308451002,,gist-A5100740580
openalex_work,ok,200,https://openalex.org/W4308453385,https://openalex.org/W4308453385,,dgist-A5037567383
openalex_work,ok,200,https://openalex.org/W4308580592,https://openalex.org/W4308580592,,unist-A5057203654
openalex_work,ok,200,https://openalex.org/W4308742853,https://openalex.org/W4308742853,,snu-A5100364611
openalex_work,ok,200,https://openalex.org/W4308765700,https://openalex.org/W4308765700,,"snu-A5101407061,snu-A5073947704"
openalex_work,ok,200,https://openalex.org/W4308775203,https://openalex.org/W4308775203,,"postech-A5103183496,dgist-A5000829476"
openalex_work,ok,200,https://openalex.org/W4308842138,https://openalex.org/W4308842138,,postech-A5074578302
openalex_work,ok,200,https://openalex.org/W4308891940,https://openalex.org/W4308891940,,"kaist-A5087466819,postech-A5069176618"
openalex_work,ok,200,https://openalex.org/W4309074407,https://openalex.org/W4309074407,,snu-A5079132836
openalex_work,ok,200,https://openalex.org/W4309159192,https://openalex.org/W4309159192,,postech-A5070884113
openalex_work,ok,200,https://openalex.org/W4309166847,https://openalex.org/W4309166847,,unist-A5041027236
openalex_work,ok,200,https://openalex.org/W4309320951,https://openalex.org/W4309320951,,kaist-A5100434399
openalex_work,ok,200,https://openalex.org/W4309714986,https://openalex.org/W4309714986,,"snu-A5035400785,gist-A5100757887"
openalex_work,ok,200,https://openalex.org/W4310568234,https://openalex.org/W4310568234,,"postech-A5018682015,dgist-A5015429226"
openalex_work,ok,200,https://openalex.org/W4312103862,https://openalex.org/W4312103862,,kaist-A5101520308
openalex_work,ok,200,https://openalex.org/W4312112785,https://openalex.org/W4312112785,,"snu-A5010084845,snu-A5027374744"
openalex_work,ok,200,https://openalex.org/W4312130101,https://openalex.org/W4312130101,,postech-A5100650467
openalex_work,ok,200,https://openalex.org/W4313523855,https://openalex.org/W4313523855,,unist-A5041027236
openalex_work,ok,200,https://openalex.org/W4313856066,https://openalex.org/W4313856066,,postech-A5010154886
openalex_work,ok,200,https://openalex.org/W4315865958,https://openalex.org/W4315865958,,snu-A5010084845
openalex_work,ok,200,https://openalex.org/W4316135823,https://openalex.org/W4316135823,,"postech-A5069176618,postech-A5080004279"
openalex_work,ok,200,https://openalex.org/W4316507344,https://openalex.org/W4316507344,,snu-A5002329152
openalex_work,ok,200,https://openalex.org/W4317494301,https://openalex.org/W4317494301,,"snu-A5002329152,snu-A5057696830,snu-A5055484396"
openalex_work,ok,200,https://openalex.org/W4317718237,https://openalex.org/W4317718237,,snu-A5002951805
openalex_work,ok,200,https://openalex.org/W4318185081,https://openalex.org/W4318185081,,kaist-A5089750807
openalex_work,ok,200,https://openalex.org/W4318754281,https://openalex.org/W4318754281,,"snu-A5073145639,snu-A5055484396"
openalex_work,ok,200,https://openalex.org/W4318999782,https://openalex.org/W4318999782,,snu-A5043286860
openalex_work,ok,200,https://openalex.org/W4319456379,https://openalex.org/W4319456379,,"unist-A5041027236,unist-A5035895380"
openalex_work,ok,200,https://openalex.org/W4319655919,https://openalex.org/W4319655919,,"gist-A5038581059,gist-A5010846406"
openalex_work,ok,200,https://openalex.org/W4319660680,https://openalex.org/W4319660680,,kaist-A5083929538
openalex_work,ok,200,https://openalex.org/W4321004788,https://openalex.org/W4321004788,,"postech-A5069176618,postech-A5080004279"
openalex_work,ok,200,https://openalex.org/W4321165447,https://openalex.org/W4321165447,,snu-A5059278158
openalex_work,ok,200,https://openalex.org/W4321371986,https://openalex.org/W4321371986,,snu-A5043286860
openalex_work,ok,200,https://openalex.org/W4321480162,https://openalex.org/W4321480162,,"snu-A5043554497,snu-A5079762603"
openalex_work,ok,200,https://openalex.org/W4321495443,https://openalex.org/W4321495443,,unist-A5008186315
openalex_work,ok,200,https://openalex.org/W4322501991,https://openalex.org/W4322501991,,unist-A5035895380
openalex_work,ok,200,https://openalex.org/W4322753855,https://openalex.org/W4322753855,,snu-A5027374744
openalex_work,ok,200,https://openalex.org/W4322758866,https://openalex.org/W4322758866,,gist-A5038581059
openalex_work,ok,200,https://openalex.org/W4322766835,https://openalex.org/W4322766835,,"snu-A5079132836,snu-A5100752174,snu-A5035400785"
openalex_work,ok,200,https://openalex.org/W4323287222,https://openalex.org/W4323287222,,gist-A5023173703
openalex_work,ok,200,https://openalex.org/W4324346028,https://openalex.org/W4324346028,,"gist-A5071676695,gist-A5010846406"
openalex_work,ok,200,https://openalex.org/W4360827997,https://openalex.org/W4360827997,,"postech-A5034657214,postech-A5018682015"
openalex_work,ok,200,https://openalex.org/W4360989492,https://openalex.org/W4360989492,,kaist-A5089750807
openalex_work,ok,200,https://openalex.org/W4361019137,https://openalex.org/W4361019137,,snu-A5100366248
openalex_work,ok,200,https://openalex.org/W4363646236,https://openalex.org/W4363646236,,unist-A5068286820
openalex_work,ok,200,https://openalex.org/W4366816415,https://openalex.org/W4366816415,,gist-A5010846406
openalex_work,ok,200,https://openalex.org/W4368373869,https://openalex.org/W4368373869,,snu-A5080563770
openalex_work,ok,200,https://openalex.org/W4372050095,https://openalex.org/W4372050095,,dgist-A5080133701
openalex_work,ok,200,https://openalex.org/W4372334037,https://openalex.org/W4372334037,,"snu-A5027374744,postech-A5052023515,postech-A5010154886"
openalex_work,ok,200,https://openalex.org/W4375858802,https://openalex.org/W4375858802,,snu-A5019985343
openalex_work,ok,200,https://openalex.org/W4376133755,https://openalex.org/W4376133755,,gist-A5038581059
openalex_work,ok,200,https://openalex.org/W4376645982,https://openalex.org/W4376645982,,unist-A5007769445
openalex_work,ok,200,https://openalex.org/W4377862087,https://openalex.org/W4377862087,,gist-A5023173703
openalex_work,ok,200,https://openalex.org/W4378901018,https://openalex.org/W4378901018,,snu-A5079920356
openalex_work,ok,200,https://openalex.org/W4378966360,https://openalex.org/W4378966360,,"postech-A5052023515,postech-A5010154886"
openalex_work,ok,200,https://openalex.org/W4379230165,https://openalex.org/W4379230165,,snu-A5067045439
openalex_work,ok,200,https://openalex.org/W4380089072,https://openalex.org/W4380089072,,postech-A5074578302
openalex_work,ok,200,https://openalex.org/W4380989549,https://openalex.org/W4380989549,,postech-A5069176618
openalex_work,ok,200,https://openalex.org/W4382024028,https://openalex.org/W4382024028,,"kaist-A5013204190,snu-A5027374744"
openalex_work,ok,200,https://openalex.org/W4382245057,https://openalex.org/W4382245057,,"postech-A5068518101,postech-A5069176618"
openalex_work,ok,200,https://openalex.org/W4382344985,https://openalex.org/W4382344985,,"unist-A5041900986,unist-A5017217837"
openalex_work,ok,200,https://openalex.org/W4382932151,https://openalex.org/W4382932151,,"snu-A5019985343,snu-A5067045439"
openalex_work,ok,200,https://openalex.org/W4384154292,https://openalex.org/W4384154292,,postech-A5080004279
openalex_work,ok,200,https://openalex.org/W4384214813,https://openalex.org/W4384214813,,"postech-A5047859685,postech-A5018682015"
openalex_work,ok,200,https://openalex.org/W4384468341,https://openalex.org/W4384468341,,snu-A5059809445
openalex_work,ok,200,https://openalex.org/W4384663719,https://openalex.org/W4384663719,,dgist-A5078210130
openalex_work,ok,200,https://openalex.org/W4384663727,https://openalex.org/W4384663727,,snu-A5100447456
openalex_work,ok,200,https://openalex.org/W4385064043,https://openalex.org/W4385064043,,snu-A5082258548
openalex_work,ok,200,https://openalex.org/W4385064611,https://openalex.org/W4385064611,,"snu-A5101786821,snu-A5035400785"
openalex_work,ok,200,https://openalex.org/W4385408033,https://openalex.org/W4385408033,,"unist-A5100749356,unist-A5041900986,unist-A5017217837"
openalex_work,ok,200,https://openalex.org/W4385409401,https://openalex.org/W4385409401,,postech-A5069176618
openalex_work,ok,200,https://openalex.org/W4385431179,https://openalex.org/W4385431179,,"kaist-A5013204190,kaist-A5087466819,kaist-A5072366749"
openalex_work,ok,200,https://openalex.org/W4385807856,https://openalex.org/W4385807856,,postech-A5087260130
openalex_work,ok,200,https://openalex.org/W4385971674,https://openalex.org/W4385971674,,"kaist-A5101520308,kaist-A5062127128"
openalex_work,ok,200,https://openalex.org/W4385988513,https://openalex.org/W4385988513,,"gist-A5087995307,gist-A5023173703,gist-A5088628057"
openalex_work,ok,200,https://openalex.org/W4386098083,https://openalex.org/W4386098083,,snu-A5079920356
openalex_work,ok,200,https://openalex.org/W4386161533,https://openalex.org/W4386161533,,snu-A5035400785
openalex_work,ok,200,https://openalex.org/W4386758595,https://openalex.org/W4386758595,,dgist-A5010447099
openalex_work,ok,200,https://openalex.org/W4386946702,https://openalex.org/W4386946702,,snu-A5056148684
openalex_work,ok,200,https://openalex.org/W4387229783,https://openalex.org/W4387229783,,kaist-A5087466819
openalex_work,ok,200,https://openalex.org/W4387233882,https://openalex.org/W4387233882,,"kaist-A5103056397,kaist-A5046978935"
openalex_work,ok,200,https://openalex.org/W4387235387,https://openalex.org/W4387235387,,snu-A5100619952
openalex_work,ok,200,https://openalex.org/W4387235647,https://openalex.org/W4387235647,,postech-A5103183496
openalex_work,ok,200,https://openalex.org/W4387235767,https://openalex.org/W4387235767,,postech-A5068518101
openalex_work,ok,200,https://openalex.org/W4387409613,https://openalex.org/W4387409613,,"kaist-A5028509727,kaist-A5089223715"
openalex_work,ok,200,https://openalex.org/W4387439217,https://openalex.org/W4387439217,,kaist-A5028509727
openalex_work,ok,200,https://openalex.org/W4387444662,https://openalex.org/W4387444662,,"snu-A5082258548,postech-A5048461457"
openalex_work,ok,200,https://openalex.org/W4387564511,https://openalex.org/W4387564511,,unist-A5057203654
openalex_work,ok,200,https://openalex.org/W4387765155,https://openalex.org/W4387765155,,snu-A5100752174
openalex_work,ok,200,https://openalex.org/W4388071517,https://openalex.org/W4388071517,,"unist-A5057203654,unist-A5041900986"
openalex_work,ok,200,https://openalex.org/W4388152823,https://openalex.org/W4388152823,,"gist-A5038581059,gist-A5010846406,gist-A5088628057"
openalex_work,ok,200,https://openalex.org/W4388451649,https://openalex.org/W4388451649,,snu-A5048256742
openalex_work,ok,200,https://openalex.org/W4388635055,https://openalex.org/W4388635055,,gist-A5023739451
openalex_work,ok,200,https://openalex.org/W4388852477,https://openalex.org/W4388852477,,unist-A5021577151
openalex_work,ok,200,https://openalex.org/W4388907447,https://openalex.org/W4388907447,,"snu-A5048256742,snu-A5057696830"
openalex_work,ok,200,https://openalex.org/W4389154298,https://openalex.org/W4389154298,,snu-A5056148684
openalex_work,ok,200,https://openalex.org/W4389279062,https://openalex.org/W4389279062,,"unist-A5041027236,unist-A5100749356"
openalex_work,ok,200,https://openalex.org/W4389429309,https://openalex.org/W4389429309,,"snu-A5091015282,snu-A5043286860"
openalex_work,ok,200,https://openalex.org/W4390049408,https://openalex.org/W4390049408,,"snu-A5080563770,postech-A5100635271"
openalex_work,ok,200,https://openalex.org/W4390563606,https://openalex.org/W4390563606,,dgist-A5015429226
openalex_work,ok,200,https://openalex.org/W4390571016,https://openalex.org/W4390571016,,"snu-A5010084845,snu-A5027374744,postech-A5100635271"
openalex_work,ok,200,https://openalex.org/W4390618490,https://openalex.org/W4390618490,,postech-A5070884113
openalex_work,ok,200,https://openalex.org/W4390663416,https://openalex.org/W4390663416,,"kaist-A5013204190,kaist-A5089863464"
openalex_work,ok,200,https://openalex.org/W4390753551,https://openalex.org/W4390753551,,"snu-A5035400785,postech-A5070884113"
openalex_work,ok,200,https://openalex.org/W4390909506,https://openalex.org/W4390909506,,dgist-A5021944943
openalex_work,ok,200,https://openalex.org/W4390956375,https://openalex.org/W4390956375,,"kaist-A5100434399,postech-A5047859685"
openalex_work,ok,200,https://openalex.org/W4391096127,https://openalex.org/W4391096127,,kaist-A5089863464
openalex_work,ok,200,https://openalex.org/W4391418260,https://openalex.org/W4391418260,,"postech-A5047859685,postech-A5018682015"
openalex_work,ok,200,https://openalex.org/W4391463591,https://openalex.org/W4391463591,,kaist-A5103056397
openalex_work,ok,200,https://openalex.org/W4391573315,https://openalex.org/W4391573315,,snu-A5103145861
openalex_work,ok,200,https://openalex.org/W4391579473,https://openalex.org/W4391579473,,unist-A5035895380
openalex_work,ok,200,https://openalex.org/W4391658614,https://openalex.org/W4391658614,,"snu-A5079762603,snu-A5002951805"
openalex_work,ok,200,https://openalex.org/W4391787104,https://openalex.org/W4391787104,,snu-A5091561167
openalex_work,ok,200,https://openalex.org/W4391847274,https://openalex.org/W4391847274,,snu-A5079762603
openalex_work,ok,200,https://openalex.org/W4391927123,https://openalex.org/W4391927123,,snu-A5043554497
openalex_work,ok,200,https://openalex.org/W4391944321,https://openalex.org/W4391944321,,"kaist-A5087466819,postech-A5100635271"
openalex_work,ok,200,https://openalex.org/W4392089036,https://openalex.org/W4392089036,,snu-A5073424725
openalex_work,ok,200,https://openalex.org/W4392198362,https://openalex.org/W4392198362,,snu-A5100366248
openalex_work,ok,200,https://openalex.org/W4392297802,https://openalex.org/W4392297802,,"snu-A5082258548,postech-A5069176618"
openalex_work,ok,200,https://openalex.org/W4392306586,https://openalex.org/W4392306586,,kaist-A5045941705
openalex_work,ok,200,https://openalex.org/W4392584611,https://openalex.org/W4392584611,,kaist-A5038114229
openalex_work,ok,200,https://openalex.org/W4392976885,https://openalex.org/W4392976885,,"unist-A5008036043,unist-A5035895380"
openalex_work,ok,200,https://openalex.org/W4393033124,https://openalex.org/W4393033124,,kaist-A5045941705
openalex_work,ok,200,https://openalex.org/W4393342748,https://openalex.org/W4393342748,,postech-A5100635271
openalex_work,ok,200,https://openalex.org/W4393411999,https://openalex.org/W4393411999,,snu-A5035020917
openalex_work,ok,200,https://openalex.org/W4393901603,https://openalex.org/W4393901603,,"snu-A5059278158,snu-A5027374744"
openalex_work,ok,200,https://openalex.org/W4393988739,https://openalex.org/W4393988739,,unist-A5041900986
openalex_work,ok,200,https://openalex.org/W4394572234,https://openalex.org/W4394572234,,postech-A5087260130
openalex_work,ok,200,https://openalex.org/W4394582058,https://openalex.org/W4394582058,,postech-A5100334905
openalex_work,ok,200,https://openalex.org/W4394803789,https://openalex.org/W4394803789,,"gist-A5100740580,gist-A5023173703"
openalex_work,ok,200,https://openalex.org/W4394921437,https://openalex.org/W4394921437,,snu-A5057696830
openalex_work,ok,200,https://openalex.org/W4394931590,https://openalex.org/W4394931590,,"kaist-A5102961870,snu-A5073424725"
openalex_work,ok,200,https://openalex.org/W4395009366,https://openalex.org/W4395009366,,snu-A5079132836
openalex_work,ok,200,https://openalex.org/W4395454055,https://openalex.org/W4395454055,,"snu-A5100619952,postech-A5047859685,postech-A5100635271,postech-A5018682015"
openalex_work,ok,200,https://openalex.org/W4395458735,https://openalex.org/W4395458735,,kaist-A5089223715
openalex_work,ok,200,https://openalex.org/W4396731278,https://openalex.org/W4396731278,,"kaist-A5013204190,kaist-A5089223715"
openalex_work,ok,200,https://openalex.org/W4396896827,https://openalex.org/W4396896827,,"snu-A5080563770,snu-A5027374744"
openalex_work,ok,200,https://openalex.org/W4399140804,https://openalex.org/W4399140804,,"kaist-A5038114229,snu-A5080563770"
openalex_work,ok,200,https://openalex.org/W4399394233,https://openalex.org/W4399394233,,"postech-A5068518101,postech-A5034657214,postech-A5018682015"
openalex_work,ok,200,https://openalex.org/W4399471765,https://openalex.org/W4399471765,,snu-A5100619952
openalex_work,ok,200,https://openalex.org/W4399691365,https://openalex.org/W4399691365,,kaist-A5028509727
openalex_work,ok,200,https://openalex.org/W4400065771,https://openalex.org/W4400065771,,snu-A5057696830
openalex_work,ok,200,https://openalex.org/W4400158456,https://openalex.org/W4400158456,,postech-A5100334905
openalex_work,ok,200,https://openalex.org/W4400344783,https://openalex.org/W4400344783,,"kaist-A5062127128,kaist-A5089863464"
openalex_work,ok,200,https://openalex.org/W4400781625,https://openalex.org/W4400781625,,snu-A5055820463
openalex_work,ok,200,https://openalex.org/W4400927382,https://openalex.org/W4400927382,,"kaist-A5100434399,snu-A5079132836"
openalex_work,ok,200,https://openalex.org/W4401054268,https://openalex.org/W4401054268,,"snu-A5059278158,dgist-A5083518122"
openalex_work,ok,200,https://openalex.org/W4401192719,https://openalex.org/W4401192719,,kaist-A5102961870
openalex_work,ok,200,https://openalex.org/W4401212369,https://openalex.org/W4401212369,,"gist-A5031635205,gist-A5088628057"
openalex_work,ok,200,https://openalex.org/W4401305237,https://openalex.org/W4401305237,,snu-A5010084845
openalex_work,ok,200,https://openalex.org/W4401327186,https://openalex.org/W4401327186,,"gist-A5087995307,gist-A5088628057"
openalex_work,ok,200,https://openalex.org/W4401335506,https://openalex.org/W4401335506,,"postech-A5100635271,postech-A5018682015"
openalex_work,ok,200,https://openalex.org/W4402125683,https://openalex.org/W4402125683,,"snu-A5101407061,snu-A5091015282"
openalex_work,ok,200,https://openalex.org/W4402169306,https://openalex.org/W4402169306,,"snu-A5010084845,postech-A5100635271"
openalex_work,ok,200,https://openalex.org/W4402214765,https://openalex.org/W4402214765,,"unist-A5041027236,unist-A5100749356"
openalex_work,ok,200,https://openalex.org/W4402354528,https://openalex.org/W4402354528,,"snu-A5100447456,snu-A5055484396"
openalex_work,ok,200,https://openalex.org/W4402634787,https://openalex.org/W4402634787,,snu-A5044961635
openalex_work,ok,200,https://openalex.org/W4402661447,https://openalex.org/W4402661447,,kaist-A5059786116
openalex_work,ok,200,https://openalex.org/W4402661585,https://openalex.org/W4402661585,,"snu-A5082258548,snu-A5073145639"
openalex_work,ok,200,https://openalex.org/W4402872077,https://openalex.org/W4402872077,,snu-A5101786821
openalex_work,ok,200,https://openalex.org/W4402971595,https://openalex.org/W4402971595,,"kaist-A5028509727,kaist-A5038114229"
openalex_work,ok,200,https://openalex.org/W4403003020,https://openalex.org/W4403003020,,gist-A5031635205
openalex_work,ok,200,https://openalex.org/W4403042088,https://openalex.org/W4403042088,,"gist-A5100757887,gist-A5102904761"
openalex_work,ok,200,https://openalex.org/W4403115840,https://openalex.org/W4403115840,,"snu-A5027374744,postech-A5100635271"
openalex_work,ok,200,https://openalex.org/W4403388701,https://openalex.org/W4403388701,,dgist-A5083518122
openalex_work,ok,200,https://openalex.org/W4403688825,https://openalex.org/W4403688825,,"postech-A5018682015,dgist-A5015429226"
openalex_work,ok,200,https://openalex.org/W4403891671,https://openalex.org/W4403891671,,"kaist-A5103056397,kaist-A5101520308"
openalex_work,ok,200,https://openalex.org/W4403904833,https://openalex.org/W4403904833,,kaist-A5100434399
openalex_work,ok,200,https://openalex.org/W4403931192,https://openalex.org/W4403931192,,postech-A5048461457
openalex_work,ok,200,https://openalex.org/W4404107428,https://openalex.org/W4404107428,,"snu-A5079132836,snu-A5082258548"
openalex_work,ok,200,https://openalex.org/W4404300429,https://openalex.org/W4404300429,,snu-A5080563770
openalex_work,ok,200,https://openalex.org/W4404345042,https://openalex.org/W4404345042,,"snu-A5100366248,snu-A5043286860"
openalex_work,ok,200,https://openalex.org/W4404545348,https://openalex.org/W4404545348,,"kaist-A5102961870,snu-A5055484396"
openalex_work,ok,200,https://openalex.org/W4404592653,https://openalex.org/W4404592653,,dgist-A5021944943
openalex_work,ok,200,https://openalex.org/W4404634857,https://openalex.org/W4404634857,,snu-A5035020917
openalex_work,ok,200,https://openalex.org/W4404842872,https://openalex.org/W4404842872,,gist-A5071676695
openalex_work,ok,200,https://openalex.org/W4405022450,https://openalex.org/W4405022450,,"postech-A5068518101,postech-A5034657214"
openalex_work,ok,200,https://openalex.org/W4405365863,https://openalex.org/W4405365863,,kaist-A5083929538
openalex_work,ok,200,https://openalex.org/W4405467409,https://openalex.org/W4405467409,,dgist-A5078210130
openalex_work,ok,200,https://openalex.org/W4405539233,https://openalex.org/W4405539233,,kaist-A5038871139
openalex_work,ok,200,https://openalex.org/W4405597039,https://openalex.org/W4405597039,,snu-A5100447456
openalex_work,ok,200,https://openalex.org/W4405658613,https://openalex.org/W4405658613,,kaist-A5059786116
openalex_work,ok,200,https://openalex.org/W4405967736,https://openalex.org/W4405967736,,kaist-A5083929538
openalex_work,ok,200,https://openalex.org/W4405995661,https://openalex.org/W4405995661,,postech-A5074578302
openalex_work,ok,200,https://openalex.org/W4406149683,https://openalex.org/W4406149683,,"kaist-A5101520308,kaist-A5059786116,kaist-A5089223715"
openalex_work,ok,200,https://openalex.org/W4406198110,https://openalex.org/W4406198110,,postech-A5010154886
openalex_work,ok,200,https://openalex.org/W4406811692,https://openalex.org/W4406811692,,snu-A5044961635
openalex_work,ok,200,https://openalex.org/W4406931103,https://openalex.org/W4406931103,,kaist-A5059786116
openalex_work,ok,200,https://openalex.org/W4406985422,https://openalex.org/W4406985422,,gist-A5088628057
openalex_work,ok,200,https://openalex.org/W4407054401,https://openalex.org/W4407054401,,kaist-A5089863464
openalex_work,ok,200,https://openalex.org/W4407144151,https://openalex.org/W4407144151,,"snu-A5079132836,snu-A5100752174"
openalex_work,ok,200,https://openalex.org/W4407319847,https://openalex.org/W4407319847,,postech-A5034657214
openalex_work,ok,200,https://openalex.org/W4407372374,https://openalex.org/W4407372374,,snu-A5103145861
openalex_work,ok,200,https://openalex.org/W4407401200,https://openalex.org/W4407401200,,postech-A5048461457
openalex_work,ok,200,https://openalex.org/W4407444004,https://openalex.org/W4407444004,,"gist-A5087995307,gist-A5031635205,gist-A5088628057"
openalex_work,ok,200,https://openalex.org/W4407640112,https://openalex.org/W4407640112,,snu-A5079132836
openalex_work,ok,200,https://openalex.org/W4407693094,https://openalex.org/W4407693094,,"kaist-A5087466819,snu-A5002951805"
openalex_work,ok,200,https://openalex.org/W4407909936,https://openalex.org/W4407909936,,"snu-A5027374744,unist-A5100749356"
openalex_work,ok,200,https://openalex.org/W4407979616,https://openalex.org/W4407979616,,snu-A5043286860
openalex_work,ok,200,https://openalex.org/W4408010982,https://openalex.org/W4408010982,,snu-A5044961635
openalex_work,ok,200,https://openalex.org/W4408059497,https://openalex.org/W4408059497,,kaist-A5087466819
openalex_work,ok,200,https://openalex.org/W4408082271,https://openalex.org/W4408082271,,snu-A5055484396
openalex_work,ok,200,https://openalex.org/W4408175777,https://openalex.org/W4408175777,,kaist-A5103056397
openalex_work,ok,200,https://openalex.org/W4408387071,https://openalex.org/W4408387071,,unist-A5008036043
openalex_work,ok,200,https://openalex.org/W4408459171,https://openalex.org/W4408459171,,snu-A5027374744
openalex_work,ok,200,https://openalex.org/W4408695367,https://openalex.org/W4408695367,,"postech-A5068518101,postech-A5034657214"
openalex_work,ok,200,https://openalex.org/W4408929103,https://openalex.org/W4408929103,,"kaist-A5087466819,postech-A5068518101,postech-A5100650467,postech-A5069176618,postech-A5080004279"
openalex_work,ok,200,https://openalex.org/W4409011662,https://openalex.org/W4409011662,,snu-A5100619952
openalex_work,ok,200,https://openalex.org/W4409094515,https://openalex.org/W4409094515,,snu-A5079762603
openalex_work,ok,200,https://openalex.org/W4409109823,https://openalex.org/W4409109823,,"postech-A5074578302,gist-A5088628057"
openalex_work,ok,200,https://openalex.org/W4409153063,https://openalex.org/W4409153063,,"postech-A5100635271,dgist-A5083518122"
openalex_work,ok,200,https://openalex.org/W4409159198,https://openalex.org/W4409159198,,snu-A5035400785
openalex_work,ok,200,https://openalex.org/W4409176656,https://openalex.org/W4409176656,,snu-A5043554497
openalex_work,ok,200,https://openalex.org/W4409182672,https://openalex.org/W4409182672,,postech-A5052023515
openalex_work,ok,200,https://openalex.org/W4409289442,https://openalex.org/W4409289442,,unist-A5057203654
openalex_work,ok,200,https://openalex.org/W4409386692,https://openalex.org/W4409386692,,"unist-A5035895380,unist-A5017217837"
openalex_work,ok,200,https://openalex.org/W4409405012,https://openalex.org/W4409405012,,kaist-A5062127128
openalex_work,ok,200,https://openalex.org/W4409507084,https://openalex.org/W4409507084,,unist-A5041027236
openalex_work,ok,200,https://openalex.org/W4409604769,https://openalex.org/W4409604769,,unist-A5008186315
openalex_work,ok,200,https://openalex.org/W4409653190,https://openalex.org/W4409653190,,gist-A5023739451
openalex_work,ok,200,https://openalex.org/W4409713803,https://openalex.org/W4409713803,,"snu-A5079132836,snu-A5100752174"
openalex_work,ok,200,https://openalex.org/W4409839715,https://openalex.org/W4409839715,,kaist-A5089750807
openalex_work,ok,200,https://openalex.org/W4409959429,https://openalex.org/W4409959429,,"snu-A5019985343,snu-A5067045439"
openalex_work,ok,200,https://openalex.org/W4410040380,https://openalex.org/W4410040380,,snu-A5073424725
openalex_work,ok,200,https://openalex.org/W4410057254,https://openalex.org/W4410057254,,"unist-A5041027236,unist-A5100749356,unist-A5007769445"
openalex_work,ok,200,https://openalex.org/W4410117871,https://openalex.org/W4410117871,,snu-A5055820463
openalex_work,ok,200,https://openalex.org/W4410227782,https://openalex.org/W4410227782,,kaist-A5055397906
openalex_work,ok,200,https://openalex.org/W4410265067,https://openalex.org/W4410265067,,snu-A5010084845
openalex_work,ok,200,https://openalex.org/W4410312204,https://openalex.org/W4410312204,,"snu-A5100366248,snu-A5091015282"
openalex_work,ok,200,https://openalex.org/W4410539573,https://openalex.org/W4410539573,,"kaist-A5028509727,snu-A5091015282"
openalex_work,ok,200,https://openalex.org/W4410587422,https://openalex.org/W4410587422,,gist-A5100740580
openalex_work,ok,200,https://openalex.org/W4410607710,https://openalex.org/W4410607710,,snu-A5056148684
openalex_work,ok,200,https://openalex.org/W4410769516,https://openalex.org/W4410769516,,snu-A5079920356
openalex_work,ok,200,https://openalex.org/W4410856104,https://openalex.org/W4410856104,,dgist-A5010447099
openalex_work,ok,200,https://openalex.org/W4410889266,https://openalex.org/W4410889266,,unist-A5035895380
openalex_work,ok,200,https://openalex.org/W4410966948,https://openalex.org/W4410966948,,"kaist-A5087466819,kaist-A5089863464"
openalex_work,ok,200,https://openalex.org/W4411177813,https://openalex.org/W4411177813,,snu-A5101407061
openalex_work,ok,200,https://openalex.org/W4411205666,https://openalex.org/W4411205666,,"snu-A5082258548,snu-A5035400785"
openalex_work,ok,200,https://openalex.org/W4411208635,https://openalex.org/W4411208635,,"snu-A5082258548,snu-A5079762603,snu-A5019985343,snu-A5056148684"
openalex_work,ok,200,https://openalex.org/W4411315437,https://openalex.org/W4411315437,,unist-A5007769445
openalex_work,ok,200,https://openalex.org/W4411315788,https://openalex.org/W4411315788,,postech-A5018682015
openalex_work,ok,200,https://openalex.org/W4411329379,https://openalex.org/W4411329379,,unist-A5021577151
openalex_work,ok,200,https://openalex.org/W4411434990,https://openalex.org/W4411434990,,"snu-A5055484396,postech-A5052023515"
openalex_work,ok,200,https://openalex.org/W4411674006,https://openalex.org/W4411674006,,kaist-A5031437702
openalex_work,ok,200,https://openalex.org/W4411681015,https://openalex.org/W4411681015,,unist-A5007769445
openalex_work,ok,200,https://openalex.org/W4411701625,https://openalex.org/W4411701625,,"kaist-A5102961870,snu-A5073424725"
openalex_work,ok,200,https://openalex.org/W4411803208,https://openalex.org/W4411803208,,gist-A5010846406
openalex_work,ok,200,https://openalex.org/W4411859581,https://openalex.org/W4411859581,,"kaist-A5102961870,snu-A5073424725"
openalex_work,ok,200,https://openalex.org/W4411923482,https://openalex.org/W4411923482,,postech-A5103183496
openalex_work,ok,200,https://openalex.org/W4411924410,https://openalex.org/W4411924410,,postech-A5100635271
openalex_work,ok,200,https://openalex.org/W4412021113,https://openalex.org/W4412021113,,snu-A5055484396
openalex_work,ok,200,https://openalex.org/W4412151433,https://openalex.org/W4412151433,,kaist-A5072366749
openalex_work,ok,200,https://openalex.org/W4412156847,https://openalex.org/W4412156847,,snu-A5091015282
openalex_work,ok,200,https://openalex.org/W4412199154,https://openalex.org/W4412199154,,"postech-A5068518101,postech-A5018682015"
openalex_work,ok,200,https://openalex.org/W4412387978,https://openalex.org/W4412387978,,"snu-A5059278158,snu-A5073424725"
openalex_work,ok,200,https://openalex.org/W4412490978,https://openalex.org/W4412490978,,kaist-A5023660115
openalex_work,ok,200,https://openalex.org/W4412609682,https://openalex.org/W4412609682,,unist-A5021577151
openalex_work,ok,200,https://openalex.org/W4412654054,https://openalex.org/W4412654054,,"snu-A5043554497,snu-A5082258548"
openalex_work,ok,200,https://openalex.org/W4412663905,https://openalex.org/W4412663905,,kaist-A5046978935
openalex_work,ok,200,https://openalex.org/W4412695676,https://openalex.org/W4412695676,,"gist-A5100740580,gist-A5023173703"
openalex_work,ok,200,https://openalex.org/W4412934487,https://openalex.org/W4412934487,,"kaist-A5100434399,kaist-A5038871139,snu-A5079132836"
openalex_work,ok,200,https://openalex.org/W4412974916,https://openalex.org/W4412974916,,snu-A5002951805
openalex_work,ok,200,https://openalex.org/W4412981038,https://openalex.org/W4412981038,,"snu-A5043554497,snu-A5082258548"
openalex_work,ok,200,https://openalex.org/W4413054749,https://openalex.org/W4413054749,,"snu-A5043554497,snu-A5101407061"
openalex_work,ok,200,https://openalex.org/W4413102045,https://openalex.org/W4413102045,,kaist-A5045941705
openalex_work,ok,200,https://openalex.org/W4413115178,https://openalex.org/W4413115178,,postech-A5018682015
openalex_work,ok,200,https://openalex.org/W4413366498,https://openalex.org/W4413366498,,snu-A5082258548
openalex_work,ok,200,https://openalex.org/W4413399312,https://openalex.org/W4413399312,,kaist-A5089863464
openalex_work,ok,200,https://openalex.org/W4413428331,https://openalex.org/W4413428331,,dgist-A5015429226
openalex_work,ok,200,https://openalex.org/W4413580572,https://openalex.org/W4413580572,,snu-A5043554497
openalex_work,ok,200,https://openalex.org/W4414022372,https://openalex.org/W4414022372,,postech-A5087260130
openalex_work,ok,200,https://openalex.org/W4414292871,https://openalex.org/W4414292871,,snu-A5059809445
openalex_work,ok,200,https://openalex.org/W4414335961,https://openalex.org/W4414335961,,snu-A5019985343
openalex_work,ok,200,https://openalex.org/W4414380489,https://openalex.org/W4414380489,,snu-A5059809445
openalex_work,ok,200,https://openalex.org/W4414393081,https://openalex.org/W4414393081,,kaist-A5072366749
openalex_work,ok,200,https://openalex.org/W4414499039,https://openalex.org/W4414499039,,"snu-A5044961635,snu-A5091015282"
openalex_work,ok,200,https://openalex.org/W4414542798,https://openalex.org/W4414542798,,"snu-A5100619952,postech-A5047859685,postech-A5018682015"
openalex_work,ok,200,https://openalex.org/W4414555441,https://openalex.org/W4414555441,,dgist-A5037567383
openalex_work,ok,200,https://openalex.org/W4414585420,https://openalex.org/W4414585420,,snu-A5100364611
openalex_work,ok,200,https://openalex.org/W4414629346,https://openalex.org/W4414629346,,snu-A5073145639
openalex_work,ok,200,https://openalex.org/W4414646584,https://openalex.org/W4414646584,,gist-A5071676695
openalex_work,ok,200,https://openalex.org/W4415231333,https://openalex.org/W4415231333,,snu-A5057696830
openalex_work,ok,200,https://openalex.org/W4415282898,https://openalex.org/W4415282898,,dgist-A5083518122
openalex_work,ok,200,https://openalex.org/W4415396390,https://openalex.org/W4415396390,,postech-A5100650467
openalex_work,ok,200,https://openalex.org/W4415440497,https://openalex.org/W4415440497,,"snu-A5079762603,snu-A5035400785"
openalex_work,ok,200,https://openalex.org/W4415464327,https://openalex.org/W4415464327,,"snu-A5079762603,snu-A5002951805"
openalex_work,ok,200,https://openalex.org/W4415612386,https://openalex.org/W4415612386,,postech-A5047859685
openalex_work,ok,200,https://openalex.org/W4415685900,https://openalex.org/W4415685900,,"gist-A5087995307,gist-A5038581059"
openalex_work,ok,200,https://openalex.org/W4415737183,https://openalex.org/W4415737183,,"kaist-A5023660115,kaist-A5089863464"
openalex_work,ok,200,https://openalex.org/W4415830519,https://openalex.org/W4415830519,,unist-A5068286820
openalex_work,ok,200,https://openalex.org/W4415951090,https://openalex.org/W4415951090,,kaist-A5100434399
openalex_work,ok,200,https://openalex.org/W4415988384,https://openalex.org/W4415988384,,"snu-A5043554497,snu-A5100752174,snu-A5073947704"
openalex_work,ok,200,https://openalex.org/W4416026659,https://openalex.org/W4416026659,,snu-A5103145861
openalex_work,ok,200,https://openalex.org/W4416093842,https://openalex.org/W4416093842,,kaist-A5013204190
openalex_work,ok,200,https://openalex.org/W4416112888,https://openalex.org/W4416112888,,unist-A5100749356
openalex_work,ok,200,https://openalex.org/W4416203330,https://openalex.org/W4416203330,,"gist-A5100740580,gist-A5023173703"
openalex_work,ok,200,https://openalex.org/W4416344885,https://openalex.org/W4416344885,,snu-A5059278158
openalex_work,ok,200,https://openalex.org/W4416714765,https://openalex.org/W4416714765,,snu-A5048256742
openalex_work,ok,200,https://openalex.org/W4416829597,https://openalex.org/W4416829597,,"snu-A5100619952,snu-A5002951805"
openalex_work,ok,200,https://openalex.org/W4417339786,https://openalex.org/W4417339786,,"kaist-A5028509727,snu-A5082258548"
openalex_work,ok,200,https://openalex.org/W4417344593,https://openalex.org/W4417344593,,gist-A5100757887
openalex_work,ok,200,https://openalex.org/W4417347122,https://openalex.org/W4417347122,,"kaist-A5087466819,postech-A5100635271"
openalex_work,ok,200,https://openalex.org/W4417474750,https://openalex.org/W4417474750,,snu-A5002329152
openalex_work,ok,200,https://openalex.org/W7117232523,https://openalex.org/W7117232523,,postech-A5100334905
openalex_work,ok,200,https://openalex.org/W7117456377,https://openalex.org/W7117456377,,dgist-A5078210130
openalex_work,ok,200,https://openalex.org/W7118379233,https://openalex.org/W7118379233,,"kaist-A5087466819,kaist-A5038114229"
openalex_work,ok,200,https://openalex.org/W7118703964,https://openalex.org/W7118703964,,"kaist-A5087466819,kaist-A5038114229"
openalex_work,ok,200,https://openalex.org/W7118783455,https://openalex.org/W7118783455,,"kaist-A5087466819,kaist-A5038114229"
openalex_work,ok,200,https://openalex.org/W7124158199,https://openalex.org/W7124158199,,kaist-A5038114229
openalex_work,ok,200,https://openalex.org/W7124890041,https://openalex.org/W7124890041,,"unist-A5041027236,unist-A5008036043"
openalex_work,ok,200,https://openalex.org/W7125510582,https://openalex.org/W7125510582,,"gist-A5087995307,gist-A5038581059"
openalex_work,ok,200,https://openalex.org/W7126180693,https://openalex.org/W7126180693,,"snu-A5059278158,dgist-A5083518122"
openalex_work,ok,200,https://openalex.org/W7127907207,https://openalex.org/W7127907207,,dgist-A5021944943
openalex_work,ok,200,https://openalex.org/W7128789744,https://openalex.org/W7128789744,,unist-A5041900986
openalex_work,ok,200,https://openalex.org/W7131062401,https://openalex.org/W7131062401,,"kaist-A5072366749,unist-A5057203654"
openalex_work,ok,200,https://openalex.org/W7131281448,https://openalex.org/W7131281448,,"kaist-A5028509727,kaist-A5059786116,kaist-A5100434399"
openalex_work,ok,200,https://openalex.org/W7133629935,https://openalex.org/W7133629935,,postech-A5080004279
openalex_work,ok,200,https://openalex.org/W7134126703,https://openalex.org/W7134126703,,"snu-A5073145639,snu-A5055484396,snu-A5027374744"
openalex_work,ok,200,https://openalex.org/W7134229519,https://openalex.org/W7134229519,,gist-A5075061660
openalex_work,ok,200,https://openalex.org/W7134805416,https://openalex.org/W7134805416,,"kaist-A5059786116,gist-A5088628057"
openalex_work,ok,200,https://openalex.org/W7134940339,https://openalex.org/W7134940339,,snu-A5035020917
openalex_work,ok,200,https://openalex.org/W7135029435,https://openalex.org/W7135029435,,snu-A5100447456
openalex_work,ok,200,https://openalex.org/W7140623738,https://openalex.org/W7140623738,,snu-A5080563770
openalex_work,ok,200,https://openalex.org/W7143428318,https://openalex.org/W7143428318,,kaist-A5038871139
openalex_work,ok,200,https://openalex.org/W7147151595,https://openalex.org/W7147151595,,kaist-A5103056397
openalex_work,ok,200,https://openalex.org/W7152994500,https://openalex.org/W7152994500,,"snu-A5079920356,unist-A5007769445"
openalex_work,ok,200,https://openalex.org/W7153984209,https://openalex.org/W7153984209,,snu-A5073947704
openalex_work,ok,200,https://openalex.org/W7155507145,https://openalex.org/W7155507145,,dgist-A5037567383
openalex_work,ok,200,https://openalex.org/W7160842021,https://openalex.org/W7160842021,,dgist-A5080133701
openalex_work,ok,200,https://openalex.org/W7161948467,https://openalex.org/W7161948467,,"kaist-A5028509727,kaist-A5059786116,kaist-A5100434399"
openalex_work,ok,200,https://openalex.org/W7164132522,https://openalex.org/W7164132522,,"snu-A5043554497,snu-A5079762603"
openalex_work,ok,200,https://openalex.org/W7165147048,https://openalex.org/W7165147048,,snu-A5055484396
openalex_work,ok,200,https://openalex.org/W7167611218,https://openalex.org/W7167611218,,"postech-A5068518101,postech-A5034657214,postech-A5047859685,postech-A5100635271,postech-A5018682015"
openalex_work,ok,200,https://openalex.org/W7170066573,https://openalex.org/W7170066573,,postech-A5070884113
openalex_work,ok,200,https://openalex.org/W7170186415,https://openalex.org/W7170186415,,gist-A5102904761
openalex_work,ok,200,https://openalex.org/W7171413559,https://openalex.org/W7171413559,,"kaist-A5023660115,kaist-A5062127128"
openalex_work,ok,200,https://openalex.org/W7171533437,https://openalex.org/W7171533437,,"snu-A5079920356,unist-A5007769445"
openalex_work,ok,200,https://openalex.org/W7171815941,https://openalex.org/W7171815941,,"kaist-A5028509727,kaist-A5087466819"
openalex_work,ok,200,https://openalex.org/W7171856029,https://openalex.org/W7171856029,,"snu-A5079762603,snu-A5044961635,snu-A5056148684"
openalex_work,ok,200,https://openalex.org/W7202203329,https://openalex.org/W7202203329,,snu-A5020003410
openalex_work,ok,200,https://openalex.org/W7204009193,https://openalex.org/W7204009193,,dgist-A5083365266
openalex_work,ok,200,https://openalex.org/W7204224264,https://openalex.org/W7204224264,,"kaist-A5013204190,kaist-A5087466819,kaist-A5072366749,unist-A5057203654"
openalex_work,ok,200,https://openalex.org/W7204438967,https://openalex.org/W7204438967,,"kaist-A5046978935,postech-A5068518101"
openalex_work,ok,200,https://openalex.org/W7211947034,https://openalex.org/W7211947034,,kaist-A5028509727
openalex_work,ok,200,https://openalex.org/W7212035691,https://openalex.org/W7212035691,,"snu-A5079762603,snu-A5035400785"
openalex_work,ok,200,https://openalex.org/W7212184455,https://openalex.org/W7212184455,,dgist-A5000829476
openalex_work,ok,200,https://openalex.org/W7214942763,https://openalex.org/W7214942763,,snu-A5048256742
openalex_work,ok,200,https://openalex.org/W7215998177,https://openalex.org/W7215998177,,unist-A5017217837
orcid,ok,200,https://orcid.org/0000-0001-5161-9864,,,postech-A5068518101
orcid,ok,200,https://orcid.org/0000-0001-5518-6584,,,kaist-A5013204190
orcid,ok,200,https://orcid.org/0000-0001-5894-7537,,,snu-A5035400785
orcid,ok,200,https://orcid.org/0000-0001-5902-0549,,,unist-A5021577151
orcid,ok,200,https://orcid.org/0000-0001-5942-3989,,,postech-A5048461457
orcid,ok,200,https://orcid.org/0000-0001-6481-1716,,,postech-A5103183496
orcid,ok,200,https://orcid.org/0000-0001-6519-6049,,,postech-A5074578302
orcid,ok,200,https://orcid.org/0000-0001-6948-5155,,,dgist-A5083518122
orcid,ok,200,https://orcid.org/0000-0001-7335-3729,,,snu-A5101786821
orcid,ok,200,https://orcid.org/0000-0001-7394-3550,,,unist-A5041027236
orcid,ok,200,https://orcid.org/0000-0001-7500-782X,,,unist-A5007769445
orcid,ok,200,https://orcid.org/0000-0001-7541-7319,,,kaist-A5089863464
orcid,ok,200,https://orcid.org/0000-0001-7673-034X,,,postech-A5087260130
orcid,ok,200,https://orcid.org/0000-0001-7808-7140,,,dgist-A5078210130
orcid,ok,200,https://orcid.org/0000-0001-8245-7693,,,snu-A5073424725
orcid,ok,200,https://orcid.org/0000-0001-8473-9272,,,kaist-A5038871139
orcid,ok,200,https://orcid.org/0000-0001-8547-8430,,,gist-A5075061660
orcid,ok,200,https://orcid.org/0000-0001-8781-9753,,,snu-A5019985343
orcid,ok,200,https://orcid.org/0000-0001-9336-0686,,,kaist-A5089223715
orcid,ok,200,https://orcid.org/0000-0001-9705-0394,,,unist-A5057203654
orcid,ok,200,https://orcid.org/0000-0001-9753-6095,,,gist-A5071676695
orcid,ok,200,https://orcid.org/0000-0001-9962-8321,,,kaist-A5089750807
orcid,ok,200,https://orcid.org/0000-0001-9995-8339,,,dgist-A5010447099
orcid,ok,200,https://orcid.org/0000-0002-0257-0547,,,postech-A5100635271
orcid,ok,200,https://orcid.org/0000-0002-0546-052X,,,dgist-A5083365266
orcid,ok,200,https://orcid.org/0000-0002-0588-8243,,,snu-A5010084845
orcid,ok,200,https://orcid.org/0000-0002-1015-245X,,,snu-A5101407061
orcid,ok,200,https://orcid.org/0000-0002-1167-1526,,,snu-A5091015282
orcid,ok,200,https://orcid.org/0000-0002-1272-5805,,,gist-A5038581059
orcid,ok,200,https://orcid.org/0000-0002-1372-9277,,,gist-A5023173703
orcid,ok,200,https://orcid.org/0000-0002-1519-9839,,,snu-A5100619952
orcid,ok,200,https://orcid.org/0000-0002-1720-8524,,,kaist-A5059786116
orcid,ok,200,https://orcid.org/0000-0002-2139-5596,,,kaist-A5055397906
orcid,ok,200,https://orcid.org/0000-0002-2369-9956,,,postech-A5100650467
orcid,ok,200,https://orcid.org/0000-0002-2387-032X,,,gist-A5010846406
orcid,ok,200,https://orcid.org/0000-0002-2713-1006,,,postech-A5100334905
orcid,ok,200,https://orcid.org/0000-0002-2796-5262,,,snu-A5057696830
orcid,ok,200,https://orcid.org/0000-0002-2840-4176,,,kaist-A5062127128
orcid,ok,200,https://orcid.org/0000-0002-2920-2656,,,snu-A5091561167
orcid,ok,200,https://orcid.org/0000-0002-3173-1856,,,postech-A5018682015
orcid,ok,200,https://orcid.org/0000-0002-3213-4965,,,snu-A5043554497
orcid,ok,200,https://orcid.org/0000-0002-3449-3814,,,postech-A5047859685
orcid,ok,200,https://orcid.org/0000-0002-3516-4326,,,snu-A5073145639
orcid,ok,200,https://orcid.org/0000-0002-3570-7802,,,dgist-A5021944943
orcid,ok,200,https://orcid.org/0000-0002-3755-4520,,,dgist-A5015429226
orcid,ok,200,https://orcid.org/0000-0002-3806-1170,,,dgist-A5037567383
orcid,ok,200,https://orcid.org/0000-0002-3977-1510,,,kaist-A5031437702
orcid,ok,200,https://orcid.org/0000-0002-4072-3807,,,postech-A5052023515
orcid,ok,200,https://orcid.org/0000-0002-4145-600X,,,kaist-A5083929538
orcid,ok,200,https://orcid.org/0000-0002-4235-7003,,,snu-A5002951805
orcid,ok,200,https://orcid.org/0000-0002-4258-8661,,,snu-A5035020917
orcid,ok,200,https://orcid.org/0000-0002-4663-6974,,,snu-A5059278158
orcid,ok,200,https://orcid.org/0000-0002-5184-7725,,,snu-A5055820463
orcid,ok,200,https://orcid.org/0000-0002-5253-0981,,,snu-A5059809445
orcid,ok,200,https://orcid.org/0000-0002-5728-912X,,,gist-A5100740580
orcid,ok,200,https://orcid.org/0000-0002-5869-5250,,,unist-A5041900986
orcid,ok,200,https://orcid.org/0000-0002-6007-2570,,,unist-A5008186315
orcid,ok,200,https://orcid.org/0000-0002-6103-156X,,,kaist-A5100434399
orcid,ok,200,https://orcid.org/0000-0002-6421-1195,,,snu-A5100366248
orcid,ok,200,https://orcid.org/0000-0002-6445-4912,,,snu-A5103145861
orcid,ok,200,https://orcid.org/0000-0002-6480-1929,,,snu-A5100752174
orcid,ok,200,https://orcid.org/0000-0002-6810-3087,,,postech-A5034657214
orcid,ok,200,https://orcid.org/0000-0002-7101-0471,,,dgist-A5000829476
orcid,ok,200,https://orcid.org/0000-0002-7139-0419,,,unist-A5035895380
orcid,ok,200,https://orcid.org/0000-0002-7302-6928,,,kaist-A5045941705
orcid,ok,200,https://orcid.org/0000-0002-7553-0044,,,snu-A5027374744
orcid,ok,200,https://orcid.org/0000-0002-7631-5127,,,snu-A5100447456
orcid,ok,200,https://orcid.org/0000-0002-7990-754X,,,gist-A5100757887
orcid,ok,200,https://orcid.org/0000-0002-8184-5982,,,gist-A5102904761
orcid,ok,200,https://orcid.org/0000-0002-8909-8440,,,snu-A5082258548
orcid,ok,200,https://orcid.org/0000-0002-9091-6594,,,snu-A5043286860
orcid,ok,200,https://orcid.org/0000-0002-9421-7061,,,snu-A5055484396
orcid,ok,200,https://orcid.org/0000-0002-9454-3326,,,postech-A5010154886
orcid,ok,200,https://orcid.org/0000-0002-9608-5381,,,unist-A5068286820
orcid,ok,200,https://orcid.org/0000-0002-9812-8015,,,snu-A5073947704
orcid,ok,200,https://orcid.org/0000-0003-0029-3643,,,kaist-A5023660115
orcid,ok,200,https://orcid.org/0000-0003-0040-1501,,,postech-A5080004279
orcid,ok,200,https://orcid.org/0000-0003-0110-9414,,,kaist-A5101520308
orcid,ok,200,https://orcid.org/0000-0003-0209-1412,,,gist-A5031635205
orcid,ok,200,https://orcid.org/0000-0003-0379-3619,,,snu-A5056148684
orcid,ok,200,https://orcid.org/0000-0003-0510-8996,,,dgist-A5080133701
orcid,ok,200,https://orcid.org/0000-0003-0516-0284,,,gist-A5088628057
orcid,ok,200,https://orcid.org/0000-0003-0526-9028,,,unist-A5017217837
orcid,ok,200,https://orcid.org/0000-0003-1023-7864,,,postech-A5069176618
orcid,ok,200,https://orcid.org/0000-0003-1060-9007,,,kaist-A5072366749
orcid,ok,200,https://orcid.org/0000-0003-1303-072X,,,kaist-A5028509727
orcid,ok,200,https://orcid.org/0000-0003-1520-2011,,,gist-A5087995307
orcid,ok,200,https://orcid.org/0000-0003-1743-3403,,,snu-A5048256742
orcid,ok,200,https://orcid.org/0000-0003-2006-1823,,,kaist-A5046978935
orcid,ok,200,https://orcid.org/0000-0003-2337-6935,,,snu-A5080563770
orcid,ok,200,https://orcid.org/0000-0003-2356-7555,,,kaist-A5038114229
orcid,ok,200,https://orcid.org/0000-0003-2409-1130,,,snu-A5020003410
orcid,ok,200,https://orcid.org/0000-0003-2555-3069,,,gist-A5023739451
orcid,ok,200,https://orcid.org/0000-0003-2574-3233,,,kaist-A5102961870
orcid,ok,200,https://orcid.org/0000-0003-2653-576X,,,kaist-A5103056397
orcid,ok,200,https://orcid.org/0000-0003-2864-3449,,,snu-A5067045439
orcid,ok,200,https://orcid.org/0000-0003-2928-0942,,,postech-A5070884113
orcid,ok,200,https://orcid.org/0000-0003-2985-2541,,,kaist-A5087466819
orcid,ok,200,https://orcid.org/0000-0003-3049-2352,,,snu-A5002329152
orcid,ok,200,https://orcid.org/0000-0003-3176-177X,,,unist-A5008036043
orcid,ok,200,https://orcid.org/0000-0003-3414-9404,,,snu-A5044961635
orcid,ok,200,https://orcid.org/0000-0003-3669-9004,,,snu-A5100364611
orcid,ok,200,https://orcid.org/0000-0003-3851-7200,,,snu-A5079762603
orcid,ok,200,https://orcid.org/0000-0003-4350-5706,,,snu-A5079132836
orcid,ok,200,https://orcid.org/0000-0003-4436-9128,,,snu-A5079920356
orcid,ok,200,https://orcid.org/0000-0003-4856-7287,,,unist-A5100749356
web,ok,200,http://biosci.snu.ac.kr/elegans,https://biosci.snu.ac.kr/elegans,,snu-A5100366248
web,ok,200,http://biosci.snu.ac.kr/hair,https://biosci.snu.ac.kr/hair,,snu-A5048256742
web,ok,200,http://biosci.snu.ac.kr/hyunlab,https://biosci.snu.ac.kr/hyunlab,,snu-A5055484396
web,ok,200,http://biosci.snu.ac.kr/jeongpopgen,https://biosci.snu.ac.kr/jeongpopgen,,snu-A5002329152
web,ok,200,http://biosci.snu.ac.kr/jiyounglee,https://biosci.snu.ac.kr/jiyounglee/en,,snu-A5100447456
web,ok,200,http://biosci.snu.ac.kr/jkchung,https://biosci.snu.ac.kr/jkchung,,snu-A5035400785
web,ok,200,http://biosci.snu.ac.kr/kanglab,https://biosci.snu.ac.kr/kanglab,,snu-A5079132836
web,ok,200,http://biosci.snu.ac.kr/ksahn,https://biosci.snu.ac.kr/ksahn,,snu-A5101407061
web,ok,200,http://biosci.snu.ac.kr/labdnd,https://biosci.snu.ac.kr/labdnd,,snu-A5101786821
web,ok,200,http://biosci.snu.ac.kr/lamr,https://biosci.snu.ac.kr/lamr,,snu-A5080563770
web,ok,200,http://biosci.snu.ac.kr/limsfep,https://biosci.snu.ac.kr/limsfep,,snu-A5067045439
web,ok,200,http://biosci.snu.ac.kr/lomp,https://biosci.snu.ac.kr/lomp,,snu-A5056148684
web,ok,200,http://biosci.snu.ac.kr/pcb,https://biosci.snu.ac.kr/pcb,,snu-A5059278158
web,ok,200,http://biosci.snu.ac.kr/phylogenomics,https://biosci.snu.ac.kr/phylogenomics,,snu-A5035020917
web,ok,200,http://biosci.snu.ac.kr/plantecology,https://biosci.snu.ac.kr/plantecology,,snu-A5100364611
web,ok,200,http://biosci.snu.ac.kr/sbaek,https://biosci.snu.ac.kr/sbaek,,snu-A5010084845
web,ok,200,http://biosci.snu.ac.kr/strucbio,https://biosci.snu.ac.kr/strucbio,,snu-A5091015282
web,ok,200,http://biosci.snu.ac.kr/teamhuh,https://biosci.snu.ac.kr/teamhuh,,snu-A5043286860
web,ok,200,http://biosci.snu.ac.kr/yhchoi,https://biosci.snu.ac.kr/yhchoi,,snu-A5057696830
web,ok,200,http://dsn.postech.ac.kr/,http://dsn.postech.ac.kr/,,postech-A5010154886
web,ok,200,http://immunology.unist.ac.kr,https://immunology.unist.ac.kr/,,unist-A5100749356
web,ok,200,http://irt.postech.ac.kr,https://www.irt.postech.ac.kr/,,postech-A5018682015
web,ok,200,http://mskimlab.postech.ac.kr,https://mskimlab.postech.ac.kr/mskim/index.do,,postech-A5100650467
web,ok,200,http://neurophysiol.snu.ac.kr/,http://neurophysiol.snu.ac.kr/,,snu-A5103145861
web,ok,200,http://sbi.postech.ac.kr,https://sbi.postech.ac.kr/,,postech-A5047859685
web,ok,200,http://snucryoem.creatorlink.net,https://snucryoem.creatorlink.net/,,snu-A5079762603
web,ok,200,http://www.karkilab.com/,http://www.karkilab.com/,,snu-A5079920356
web,ok,200,https://arakoh.wixsite.com/arakoh,https://arakoh.wixsite.com/arakoh,,postech-A5087260130
web,ok,200,https://behecolpiotrsangim.org/,https://behecolpiotrsangim.org/,,dgist-A5078210130
web,ok,200,https://bio.kaist.ac.kr/doc/ko/selectDoc.do?docSeq=9719&menuSeq=3344&bbsSeq=120,https://bio.kaist.ac.kr/doc/ko/selectDoc.do?docSeq=9719&menuSeq=3344&bbsSeq=120,,kaist-A5089750807
web,ok,200,https://bio.kaist.ac.kr/doc/ko/selectDoc.do?docSeq=9721&menuSeq=3344&bbsSeq=120,https://bio.kaist.ac.kr/doc/ko/selectDoc.do?docSeq=9721&menuSeq=3344&bbsSeq=120,,kaist-A5055397906
web,ok,200,https://bio.kaist.ac.kr/doc/ko/selectDoc.do?docSeq=9723&menuSeq=3344&bbsSeq=120,https://bio.kaist.ac.kr/doc/ko/selectDoc.do?docSeq=9723&menuSeq=3344&bbsSeq=120,,kaist-A5089863464
web,ok,200,https://bio.kaist.ac.kr/doc/ko/selectDoc.do?docSeq=9725&menuSeq=3344&bbsSeq=120,https://bio.kaist.ac.kr/doc/ko/selectDoc.do?docSeq=9725&menuSeq=3344&bbsSeq=120,,kaist-A5083929538
web,ok,200,https://bio.kaist.ac.kr/doc/ko/selectDoc.do?docSeq=9727&menuSeq=3344&bbsSeq=120,https://bio.kaist.ac.kr/doc/ko/selectDoc.do?docSeq=9727&menuSeq=3344&bbsSeq=120,,kaist-A5103056397
web,ok,200,https://bio.kaist.ac.kr/doc/ko/selectDoc.do?docSeq=9728&menuSeq=3344&bbsSeq=120,https://bio.kaist.ac.kr/doc/ko/selectDoc.do?docSeq=9728&menuSeq=3344&bbsSeq=120,,kaist-A5013204190
web,ok,200,https://bio.kaist.ac.kr/doc/ko/selectDoc.do?docSeq=9732&menuSeq=3344&bbsSeq=120,https://bio.kaist.ac.kr/doc/ko/selectDoc.do?docSeq=9732&menuSeq=3344&bbsSeq=120,,kaist-A5101520308
web,ok,200,https://bio.kaist.ac.kr/doc/ko/selectDoc.do?docSeq=9733&menuSeq=3344&bbsSeq=120,https://bio.kaist.ac.kr/doc/ko/selectDoc.do?docSeq=9733&menuSeq=3344&bbsSeq=120,,kaist-A5046978935
web,ok,200,https://bio.kaist.ac.kr/doc/ko/selectDoc.do?docSeq=9736&menuSeq=3344&bbsSeq=120,https://bio.kaist.ac.kr/doc/ko/selectDoc.do?docSeq=9736&menuSeq=3344&bbsSeq=120,,kaist-A5038114229
web,ok,200,https://bio.kaist.ac.kr/doc/ko/selectDoc.do?docSeq=9739&menuSeq=3344&bbsSeq=120,https://bio.kaist.ac.kr/doc/ko/selectDoc.do?docSeq=9739&menuSeq=3344&bbsSeq=120,,kaist-A5062127128
web,ok,200,https://bio.kaist.ac.kr/doc/ko/selectDoc.do?docSeq=9751&menuSeq=3344&bbsSeq=120,https://bio.kaist.ac.kr/doc/ko/selectDoc.do?docSeq=9751&menuSeq=3344&bbsSeq=120,,kaist-A5072366749
web,ok,200,https://bio.kaist.ac.kr/doc/ko/selectDoc.do?docSeq=9755&menuSeq=3344&bbsSeq=120,https://bio.kaist.ac.kr/doc/ko/selectDoc.do?docSeq=9755&menuSeq=3344&bbsSeq=120,,kaist-A5102961870
web,ok,200,https://bio.kaist.ac.kr/doc/ko/selectDoc.do?docSeq=9759&menuSeq=3344&bbsSeq=120,https://bio.kaist.ac.kr/doc/ko/selectDoc.do?docSeq=9759&menuSeq=3344&bbsSeq=120,,kaist-A5087466819
web,ok,200,https://bio.kaist.ac.kr/doc/ko/selectDoc.do?docSeq=9760&menuSeq=3344&bbsSeq=120,https://bio.kaist.ac.kr/doc/ko/selectDoc.do?docSeq=9760&menuSeq=3344&bbsSeq=120,,kaist-A5100434399
web,ok,200,https://bio.kaist.ac.kr/doc/ko/selectDoc.do?docSeq=9761&menuSeq=3344&bbsSeq=120,https://bio.kaist.ac.kr/doc/ko/selectDoc.do?docSeq=9761&menuSeq=3344&bbsSeq=120,,kaist-A5089223715
web,ok,200,https://bio.kaist.ac.kr/doc/ko/selectDoc.do?docSeq=9777&menuSeq=3344&bbsSeq=120,https://bio.kaist.ac.kr/doc/ko/selectDoc.do?docSeq=9777&menuSeq=3344&bbsSeq=120,,kaist-A5028509727
web,ok,200,https://bio.kaist.ac.kr/doc/ko/selectDoc.do?docSeq=9781&menuSeq=3344&bbsSeq=120,https://bio.kaist.ac.kr/doc/ko/selectDoc.do?docSeq=9781&menuSeq=3344&bbsSeq=120,,kaist-A5031437702
web,ok,200,https://bio.kaist.ac.kr/doc/ko/selectDoc.do?docSeq=9782&menuSeq=3344&bbsSeq=120,https://bio.kaist.ac.kr/doc/ko/selectDoc.do?docSeq=9782&menuSeq=3344&bbsSeq=120,,kaist-A5038871139
web,ok,200,https://bio.kaist.ac.kr/doc/ko/selectDoc.do?docSeq=9783&menuSeq=3344&bbsSeq=120,https://bio.kaist.ac.kr/doc/ko/selectDoc.do?docSeq=9783&menuSeq=3344&bbsSeq=120,,kaist-A5059786116
web,ok,200,https://bio.kaist.ac.kr/doc/ko/selectDoc.do?docSeq=9784&menuSeq=3344&bbsSeq=120,https://bio.kaist.ac.kr/doc/ko/selectDoc.do?docSeq=9784&menuSeq=3344&bbsSeq=120,,kaist-A5023660115
web,ok,200,https://bio.kaist.ac.kr/doc/ko/selectDoc.do?docSeq=9787&menuSeq=3344&bbsSeq=120,https://bio.kaist.ac.kr/doc/ko/selectDoc.do?docSeq=9787&menuSeq=3344&bbsSeq=120,,kaist-A5045941705
web,ok,200,https://bio.kaist.ac.kr/doc/ko/selectDocList.do?menuSeq=3344&bbsSeq=120,https://bio.kaist.ac.kr/doc/ko/selectDocList.do?menuSeq=3344&bbsSeq=120,,kaist-A5013204190
web,ok,200,https://biosci.snu.ac.kr/cssb,https://biosci.snu.ac.kr/cssb,,snu-A5044961635
web,ok,200,https://biosci.snu.ac.kr/ilhalee,https://biosci.snu.ac.kr/ilhalee,,snu-A5073145639
web,ok,200,https://biosci.snu.ac.kr/jkoh,https://biosci.snu.ac.kr/jkoh,,snu-A5091561167
web,ok,200,https://biosci.snu.ac.kr/neurophoton,https://biosci.snu.ac.kr/neurophoton/en,,snu-A5002951805
web,ok,200,https://biosci.snu.ac.kr/people/faculty,https://biosci.snu.ac.kr/people/faculty,,snu-A5002329152
web,ok,200,https://biosci.snu.ac.kr/people/faculty?mode=view&profidx=10,https://biosci.snu.ac.kr/people/faculty?mode=view&profidx=10,,snu-A5080563770
web,ok,200,https://biosci.snu.ac.kr/people/faculty?mode=view&profidx=101,https://biosci.snu.ac.kr/people/faculty?mode=view&profidx=101,,snu-A5044961635
web,ok,200,https://biosci.snu.ac.kr/people/faculty?mode=view&profidx=109,https://biosci.snu.ac.kr/people/faculty?mode=view&profidx=109,,snu-A5079920356
web,ok,200,https://biosci.snu.ac.kr/people/faculty?mode=view&profidx=110,https://biosci.snu.ac.kr/people/faculty?mode=view&profidx=110,,snu-A5073424725
web,ok,200,https://biosci.snu.ac.kr/people/faculty?mode=view&profidx=114,https://biosci.snu.ac.kr/people/faculty?mode=view&profidx=114,,snu-A5020003410
web,ok,200,https://biosci.snu.ac.kr/people/faculty?mode=view&profidx=18,https://biosci.snu.ac.kr/people/faculty?mode=view&profidx=18,,snu-A5010084845
web,ok,200,https://biosci.snu.ac.kr/people/faculty?mode=view&profidx=19,https://biosci.snu.ac.kr/people/faculty?mode=view&profidx=19,,snu-A5056148684
web,ok,200,https://biosci.snu.ac.kr/people/faculty?mode=view&profidx=23,https://biosci.snu.ac.kr/people/faculty?mode=view&profidx=23,,snu-A5101407061
web,ok,200,https://biosci.snu.ac.kr/people/faculty?mode=view&profidx=3,https://biosci.snu.ac.kr/people/faculty?mode=view&profidx=3,,snu-A5101786821
web,ok,200,https://biosci.snu.ac.kr/people/faculty?mode=view&profidx=30,https://biosci.snu.ac.kr/people/faculty?mode=view&profidx=30,,snu-A5100364611
web,ok,200,https://biosci.snu.ac.kr/people/faculty?mode=view&profidx=31,https://biosci.snu.ac.kr/people/faculty?mode=view&profidx=31,,snu-A5073145639
web,ok,200,https://biosci.snu.ac.kr/people/faculty?mode=view&profidx=33,https://biosci.snu.ac.kr/people/faculty?mode=view&profidx=33,,snu-A5100366248
web,ok,200,https://biosci.snu.ac.kr/people/faculty?mode=view&profidx=39,https://biosci.snu.ac.kr/people/faculty?mode=view&profidx=39,,snu-A5035400785
web,ok,200,https://biosci.snu.ac.kr/people/faculty?mode=view&profidx=41,https://biosci.snu.ac.kr/people/faculty?mode=view&profidx=41,,snu-A5048256742
web,ok,200,https://biosci.snu.ac.kr/people/faculty?mode=view&profidx=43,https://biosci.snu.ac.kr/people/faculty?mode=view&profidx=43,,snu-A5103145861
web,ok,200,https://biosci.snu.ac.kr/people/faculty?mode=view&profidx=45,https://biosci.snu.ac.kr/people/faculty?mode=view&profidx=45,,snu-A5057696830
web,ok,200,https://biosci.snu.ac.kr/people/faculty?mode=view&profidx=46,https://biosci.snu.ac.kr/people/faculty?mode=view&profidx=46,,snu-A5043286860
web,ok,200,https://biosci.snu.ac.kr/people/faculty?mode=view&profidx=5,https://biosci.snu.ac.kr/people/faculty?mode=view&profidx=5,,snu-A5043554497
web,ok,200,https://biosci.snu.ac.kr/people/faculty?mode=view&profidx=52,https://biosci.snu.ac.kr/people/faculty?mode=view&profidx=52,,snu-A5067045439
web,ok,200,https://biosci.snu.ac.kr/people/faculty?mode=view&profidx=72,https://biosci.snu.ac.kr/people/faculty?mode=view&profidx=72,,snu-A5091015282
web,ok,200,https://biosci.snu.ac.kr/people/faculty?mode=view&profidx=73,https://biosci.snu.ac.kr/people/faculty?mode=view&profidx=73,,snu-A5100447456
web,ok,200,https://biosci.snu.ac.kr/people/faculty?mode=view&profidx=79,https://biosci.snu.ac.kr/people/faculty?mode=view&profidx=79,,snu-A5100752174
web,ok,200,https://biosci.snu.ac.kr/people/faculty?mode=view&profidx=80,https://biosci.snu.ac.kr/people/faculty?mode=view&profidx=80,,snu-A5079132836
web,ok,200,https://biosci.snu.ac.kr/people/faculty?mode=view&profidx=81,https://biosci.snu.ac.kr/people/faculty?mode=view&profidx=81,,snu-A5055820463
web,ok,200,https://biosci.snu.ac.kr/people/faculty?mode=view&profidx=82,https://biosci.snu.ac.kr/people/faculty?mode=view&profidx=82,,snu-A5091561167
web,ok,200,https://biosci.snu.ac.kr/people/faculty?mode=view&profidx=86,https://biosci.snu.ac.kr/people/faculty?mode=view&profidx=86,,snu-A5059278158
web,ok,200,https://biosci.snu.ac.kr/people/faculty?mode=view&profidx=87,https://biosci.snu.ac.kr/people/faculty?mode=view&profidx=87,,snu-A5079762603
web,ok,200,https://biosci.snu.ac.kr/people/faculty?mode=view&profidx=89,https://biosci.snu.ac.kr/people/faculty?mode=view&profidx=89,,snu-A5059809445
web,ok,200,https://biosci.snu.ac.kr/people/faculty?mode=view&profidx=90,https://biosci.snu.ac.kr/people/faculty?mode=view&profidx=90,,snu-A5002329152
web,ok,200,https://biosci.snu.ac.kr/people/faculty?mode=view&profidx=91,https://biosci.snu.ac.kr/people/faculty?mode=view&profidx=91,,snu-A5027374744
web,ok,200,https://biosci.snu.ac.kr/people/faculty?mode=view&profidx=92,https://biosci.snu.ac.kr/people/faculty?mode=view&profidx=92,,snu-A5073947704
web,ok,200,https://biosci.snu.ac.kr/people/faculty?mode=view&profidx=93,https://biosci.snu.ac.kr/people/faculty?mode=view&profidx=93,,snu-A5055484396
web,ok,200,https://biosci.snu.ac.kr/people/faculty?mode=view&profidx=94,https://biosci.snu.ac.kr/people/faculty?mode=view&profidx=94,,snu-A5019985343
web,ok,200,https://biosci.snu.ac.kr/people/faculty?mode=view&profidx=95,https://biosci.snu.ac.kr/people/faculty?mode=view&profidx=95,,snu-A5002951805
web,ok,200,https://biosci.snu.ac.kr/people/faculty?mode=view&profidx=96,https://biosci.snu.ac.kr/people/faculty?mode=view&profidx=96,,snu-A5082258548
web,ok,200,https://biosci.snu.ac.kr/people/faculty?mode=view&profidx=97,https://biosci.snu.ac.kr/people/faculty?mode=view&profidx=97,,snu-A5035020917
web,ok,200,https://biosci.snu.ac.kr/people/faculty?mode=view&profidx=98,https://biosci.snu.ac.kr/people/faculty?mode=view&profidx=98,,snu-A5100619952
web,ok,200,https://biosci.snu.ac.kr/proteomics/,https://biosci.snu.ac.kr/proteomics/,,snu-A5082258548
web,ok,200,https://biosci.snu.ac.kr/sbm,https://biosci.snu.ac.kr/sbm,,snu-A5027374744
web,ok,200,https://cb.postech.ac.kr/,https://cb.postech.ac.kr/lcb_postech/index.do,,postech-A5100635271
web,ok,200,https://choilab.postech.ac.kr/,https://choilab.postech.ac.kr/choilab/index.do,,postech-A5070884113
web,ok,200,https://cocila.net,https://cocila.net/,,snu-A5059809445
web,ok,200,https://dlim.kaist.ac.kr,https://dlim.kaist.ac.kr/,,kaist-A5038114229
web,ok,200,https://gistflylab.wixsite.com/gistlmn,https://gistflylab.wixsite.com/gistlmn,,gist-A5100757887
web,ok,200,https://jikimlab.imweb.me/,https://jikimlab.imweb.me/,,unist-A5057203654
web,ok,200,https://jkimlab.postech.ac.kr,https://jkimlab.postech.ac.kr/synbio/index.do,,postech-A5100334905
web,ok,200,https://jooandlee-eco.weebly.com/,https://jooandlee-eco.weebly.com/,,snu-A5073424725
web,ok,200,https://kaistlipds.creatorlink.net/Home,https://kaistlipds.creatorlink.net/Home,,kaist-A5023660115
web,ok,200,https://kijunyoon1.wixsite.com/website-3,https://www.yoonlab.info/,,kaist-A5087466819
web,ok,200,https://kwaklab.dgist.ac.kr/,https://kwaklab.dgist.ac.kr/,,dgist-A5083518122
web,ok,200,https://ldmunist.wixsite.com/choilab,https://ldmunist.wixsite.com/choilab,,unist-A5017217837
web,ok,200,https://life.gist.ac.kr/clar/index.do,https://life.gist.ac.kr/clar/index.do,,gist-A5010846406
web,ok,200,https://life.gist.ac.kr/genomics/index.do,https://life.gist.ac.kr/genomics/index.do,,gist-A5100740580
web,ok,200,https://life.gist.ac.kr/isct/index.do,https://life.gist.ac.kr/isct/index.do,,gist-A5023173703
web,ok,200,https://life.gist.ac.kr/ldd/index.do,https://life.gist.ac.kr/ldd/index.do,,gist-A5087995307
web,ok,200,https://life.gist.ac.kr/mass/index.do,https://life.gist.ac.kr/mass/index.do,,gist-A5102904761
web,ok,200,https://life.gist.ac.kr/mnl/index.do,https://life.gist.ac.kr/mnl/index.do,,gist-A5031635205
web,ok,200,https://life.gist.ac.kr/mpsf/index.do,https://life.gist.ac.kr/mpsf/index.do,,gist-A5088628057
web,ok,200,https://life.gist.ac.kr/ndtl/index.do,https://life.gist.ac.kr/ndtl/index.do,,gist-A5023739451
web,ok,200,https://life.gist.ac.kr/prog/gsMember/life/P/Faculty/sub05_01_01/list.do,https://life.gist.ac.kr/prog/gsMember/life/P/Faculty/sub05_01_01/list.do,,gist-A5010846406
web,ok,200,https://life.gist.ac.kr/prog/gsPerson/life/P/view.do?personId=P000012964,https://life.gist.ac.kr/prog/gsPerson/life/P/view.do?personId=P000012964,,gist-A5100740580
web,ok,200,https://life.gist.ac.kr/prog/gsPerson/life/P/view.do?personId=P00001717,https://life.gist.ac.kr/prog/gsPerson/life/P/view.do?personId=P00001717,,gist-A5100757887
web,ok,200,https://life.gist.ac.kr/prog/gsPerson/life/P/view.do?personId=P00001718,https://life.gist.ac.kr/prog/gsPerson/life/P/view.do?personId=P00001718,,gist-A5087995307
web,ok,200,https://life.gist.ac.kr/prog/gsPerson/life/P/view.do?personId=P00001720,https://life.gist.ac.kr/prog/gsPerson/life/P/view.do?personId=P00001720,,gist-A5071676695
web,ok,200,https://life.gist.ac.kr/prog/gsPerson/life/P/view.do?personId=P00001721,https://life.gist.ac.kr/prog/gsPerson/life/P/view.do?personId=P00001721,,gist-A5023739451
web,ok,200,https://life.gist.ac.kr/prog/gsPerson/life/P/view.do?personId=P00001725,https://life.gist.ac.kr/prog/gsPerson/life/P/view.do?personId=P00001725,,gist-A5102904761
web,ok,200,https://life.gist.ac.kr/prog/gsPerson/life/P/view.do?personId=P00001726,https://life.gist.ac.kr/prog/gsPerson/life/P/view.do?personId=P00001726,,gist-A5031635205
web,ok,200,https://life.gist.ac.kr/prog/gsPerson/life/P/view.do?personId=P00001730,https://life.gist.ac.kr/prog/gsPerson/life/P/view.do?personId=P00001730,,gist-A5038581059
web,ok,200,https://life.gist.ac.kr/prog/gsPerson/life/P/view.do?personId=P00001733,https://life.gist.ac.kr/prog/gsPerson/life/P/view.do?personId=P00001733,,gist-A5010846406
web,ok,200,https://life.gist.ac.kr/prog/gsPerson/life/P/view.do?personId=P00001735,https://life.gist.ac.kr/prog/gsPerson/life/P/view.do?personId=P00001735,,gist-A5023173703
web,ok,200,https://life.gist.ac.kr/prog/gsPerson/life/P/view.do?personId=P00001737,https://life.gist.ac.kr/prog/gsPerson/life/P/view.do?personId=P00001737,,gist-A5088628057
web,ok,200,https://life.gist.ac.kr/prog/gsPerson/life/P/view.do?personId=P00001739,https://life.gist.ac.kr/prog/gsPerson/life/P/view.do?personId=P00001739,,gist-A5075061660
web,ok,200,https://life.gist.ac.kr/tmtor/index.do,https://life.gist.ac.kr/tmtor/index.do,,gist-A5075061660
web,ok,200,https://life.gist.ac.kr/xray/index.do,https://life.gist.ac.kr/xray/index.do,,gist-A5038581059
web,ok,200,https://mnpsy.postech.ac.kr/,https://mnpsy.postech.ac.kr/mnpsy/index.do,,postech-A5069176618
web,ok,200,https://molneuro.kaist.ac.kr/contents,https://molneuro.kaist.ac.kr/contents,,kaist-A5013204190
web,ok,200,https://myunggonko.wixsite.com/mgko,https://myunggonko.wixsite.com/mgko,,unist-A5008186315
web,ok,200,https://narrykim.org/ko/,https://narrykim.org/ko/,,snu-A5043554497
web,ok,200,https://on-lab.postech.ac.kr/,https://on-lab.postech.ac.kr/html/main/main.php,,postech-A5048461457
web,ok,200,https://pmc-lab.dgist.ac.kr/,https://pmc-lab.dgist.ac.kr/,,dgist-A5083365266
web,ok,200,https://proteolysis.dgist.ac.kr/,https://proteolysis.dgist.ac.kr/,,dgist-A5000829476
web,ok,200,https://qbio.io/,https://qbio.io/,,snu-A5073947704
web,ok,200,https://research.unist.ac.kr/research/faculty/faculty.do?mode=view&profileNo=104,https://research.unist.ac.kr/research/faculty/faculty.do?mode=view&profileNo=104,,unist-A5021577151
web,ok,200,https://research.unist.ac.kr/research/faculty/faculty.do?mode=view&profileNo=105,https://research.unist.ac.kr/research/faculty/faculty.do?mode=view&profileNo=105,,unist-A5008186315
web,ok,200,https://research.unist.ac.kr/research/faculty/faculty.do?mode=view&profileNo=116,https://research.unist.ac.kr/research/faculty/faculty.do?mode=view&profileNo=116,,unist-A5057203654
web,ok,200,https://research.unist.ac.kr/research/faculty/faculty.do?mode=view&profileNo=163,https://research.unist.ac.kr/research/faculty/faculty.do?mode=view&profileNo=163,,unist-A5041900986
web,ok,200,https://research.unist.ac.kr/research/faculty/faculty.do?mode=view&profileNo=195,https://research.unist.ac.kr/research/faculty/faculty.do?mode=view&profileNo=195,,unist-A5100749356
web,ok,200,https://research.unist.ac.kr/research/faculty/faculty.do?mode=view&profileNo=196,https://research.unist.ac.kr/research/faculty/faculty.do?mode=view&profileNo=196,,unist-A5008036043
web,ok,200,https://research.unist.ac.kr/research/faculty/faculty.do?mode=view&profileNo=258,https://research.unist.ac.kr/research/faculty/faculty.do?mode=view&profileNo=258,,unist-A5007769445
web,ok,200,https://research.unist.ac.kr/research/faculty/faculty.do?mode=view&profileNo=259,https://research.unist.ac.kr/research/faculty/faculty.do?mode=view&profileNo=259,,unist-A5035895380
web,ok,200,https://research.unist.ac.kr/research/faculty/faculty.do?mode=view&profileNo=277,https://research.unist.ac.kr/research/faculty/faculty.do?mode=view&profileNo=277,,unist-A5068286820
web,ok,200,https://research.unist.ac.kr/research/faculty/faculty.do?mode=view&profileNo=50,https://research.unist.ac.kr/research/faculty/faculty.do?mode=view&profileNo=50,,unist-A5017217837
web,ok,200,https://research.unist.ac.kr/research/faculty/faculty.do?mode=view&profileNo=54,https://research.unist.ac.kr/research/faculty/faculty.do?mode=view&profileNo=54,,unist-A5041027236
web,ok,200,https://rna.kaist.ac.kr,https://rna.kaist.ac.kr/,,kaist-A5028509727
web,ok,200,https://shim.snu.ac.kr/,https://shim.snu.ac.kr/,,snu-A5020003410
web,ok,200,https://sites.google.com/kaist.edu/pbl/,https://sites.google.com/kaist.edu/pbl/,,kaist-A5089750807
web,ok,200,https://sites.google.com/site/baeklabpostech/,https://sites.google.com/site/baeklabpostech/,,postech-A5080004279
web,ok,200,https://sites.google.com/site/kaistchromatin/,https://sites.google.com/site/kaistchromatin/,,kaist-A5046978935
web,ok,200,https://sites.google.com/site/mcikaist/,https://sites.google.com/site/mcikaist/,,kaist-A5103056397
web,ok,200,https://sites.google.com/site/mitomed/,https://sites.google.com/site/mitomed/,,unist-A5021577151
web,ok,200,https://sites.google.com/site/seyunkimlab/,https://sites.google.com/site/seyunkimlab/,,kaist-A5101520308
web,ok,200,https://sites.google.com/site/sohnlab2014/,https://sites.google.com/site/sohnlab2014/,,kaist-A5062127128
web,ok,200,https://sites.google.com/view/cancerlab,https://sites.google.com/view/cancerlab,,unist-A5041900986
web,ok,200,https://sites.google.com/view/chungc/home,https://sites.google.com/view/chungc/home,,dgist-A5080133701
web,ok,200,https://sites.google.com/view/dgist-gilab/home,https://sites.google.com/view/dgist-gilab/home,,dgist-A5010447099
web,ok,200,https://sites.google.com/view/dgistskinlab/,https://sites.google.com/view/dgistskinlab/,,dgist-A5037567383
web,ok,200,https://sites.google.com/view/heolab/home,https://sites.google.com/view/heolab/home,,kaist-A5089863464
web,ok,200,https://sites.google.com/view/kaistmbl,https://sites.google.com/view/kaistmbl,,kaist-A5055397906
web,ok,200,https://sites.google.com/view/kimlab/home,https://sites.google.com/view/kimlab/home,,kaist-A5102961870
web,ok,200,https://sites.google.com/view/mgakaist,https://sites.google.com/view/mgakaist,,kaist-A5100434399
web,ok,200,https://sites.google.com/view/pemit/home,https://sites.google.com/view/pemit/home,,kaist-A5059786116
web,ok,200,https://sites.google.com/view/postechleelab,https://sites.google.com/view/postechleelab,,postech-A5034657214
web,ok,200,https://sites.google.com/view/proteinnanobio/,https://sites.google.com/view/proteinnanobio/,,unist-A5041027236
web,ok,200,https://sites.google.com/view/systemsneurolaboratory,https://sites.google.com/view/systemsneurolaboratory,,kaist-A5083929538
web,ok,200,https://sites.google.com/view/thelimlab/,https://sites.google.com/view/thelimlab/,,kaist-A5038871139
web,ok,200,https://sites.google.com/view/unist-aeml/home,https://sites.google.com/view/unist-aeml/home,,unist-A5068286820
web,ok,200,https://steineggerlab.com,https://steineggerlab.com/,,snu-A5019985343
web,ok,200,https://unistdml.wixsite.com/my-site,https://unistdml.wixsite.com/my-site,,unist-A5008036043
web,ok,200,https://www.dgist.ac.kr/prog/peopleProfsr/newbiology/sub02_01/list.do,https://www.dgist.ac.kr/prog/peopleProfsr/newbiology/sub02_01/list.do,,dgist-A5000829476
web,ok,200,https://www.heungkyulee.kaist.ac.kr/,https://www.heungkyulee.kaist.ac.kr/,,kaist-A5031437702
web,ok,200,https://www.kaistglia.org,https://www.kaistglia.org/,,kaist-A5072366749
web,ok,200,https://www.mrmlab.org/,https://www.mrmlab.org/,,snu-A5100752174
web,ok,200,https://www.pgr.postech.ac.kr/,https://www.pgr.postech.ac.kr/,,postech-A5052023515
web,ok,200,https://www.postech.ac.kr/kor/research-industry-academia/researcher-search.do?mode=view&id=146fd8785d265b6864181fae6c7b50b7,https://www.postech.ac.kr/kor/research-industry-academia/researcher-search.do?mode=view&id=146fd8785d265b6864181fae6c7b50b7,,postech-A5070884113
web,ok,200,https://www.postech.ac.kr/kor/research-industry-academia/researcher-search.do?mode=view&id=33b3a5898d5ed71e56d62df9fd6e956a,https://www.postech.ac.kr/kor/research-industry-academia/researcher-search.do?mode=view&id=33b3a5898d5ed71e56d62df9fd6e956a,,postech-A5068518101
web,ok,200,https://www.postech.ac.kr/kor/research-industry-academia/researcher-search.do?mode=view&id=3b3c5fe1e3c1a3aba26ffd66eb364790,https://www.postech.ac.kr/kor/research-industry-academia/researcher-search.do?mode=view&id=3b3c5fe1e3c1a3aba26ffd66eb364790,,postech-A5100650467
web,ok,200,https://www.postech.ac.kr/kor/research-industry-academia/researcher-search.do?mode=view&id=543ee1b67121080f7ed4304b31bde36a,https://www.postech.ac.kr/kor/research-industry-academia/researcher-search.do?mode=view&id=543ee1b67121080f7ed4304b31bde36a,,postech-A5087260130
web,ok,200,https://www.postech.ac.kr/kor/research-industry-academia/researcher-search.do?mode=view&id=5ae5e95e6245f2e51b32f1805bc466cf,https://www.postech.ac.kr/kor/research-industry-academia/researcher-search.do?mode=view&id=5ae5e95e6245f2e51b32f1805bc466cf,,postech-A5010154886
web,ok,200,https://www.postech.ac.kr/kor/research-industry-academia/researcher-search.do?mode=view&id=66a27767c0f502b1ea8462004ebb21f7,https://www.postech.ac.kr/kor/research-industry-academia/researcher-search.do?mode=view&id=66a27767c0f502b1ea8462004ebb21f7,,postech-A5080004279
web,ok,200,https://www.postech.ac.kr/kor/research-industry-academia/researcher-search.do?mode=view&id=86b6cc6dac0b7793853eff49fe69c0ee,https://www.postech.ac.kr/kor/research-industry-academia/researcher-search.do?mode=view&id=86b6cc6dac0b7793853eff49fe69c0ee,,postech-A5100635271
web,ok,200,https://www.postech.ac.kr/kor/research-industry-academia/researcher-search.do?mode=view&id=884a9749b730dbd52a38156208defe69,https://www.postech.ac.kr/kor/research-industry-academia/researcher-search.do?mode=view&id=884a9749b730dbd52a38156208defe69,,postech-A5034657214
web,ok,200,https://www.postech.ac.kr/kor/research-industry-academia/researcher-search.do?mode=view&id=9791d5d87862c58a75052a9509f1c56d,https://www.postech.ac.kr/kor/research-industry-academia/researcher-search.do?mode=view&id=9791d5d87862c58a75052a9509f1c56d,,postech-A5048461457
web,ok,200,https://www.postech.ac.kr/kor/research-industry-academia/researcher-search.do?mode=view&id=a45028e4d02086882e8f135701fbedaa,https://www.postech.ac.kr/kor/research-industry-academia/researcher-search.do?mode=view&id=a45028e4d02086882e8f135701fbedaa,,postech-A5018682015
web,ok,200,https://www.postech.ac.kr/kor/research-industry-academia/researcher-search.do?mode=view&id=b30c08316784cceb807e5a7670575269,https://www.postech.ac.kr/kor/research-industry-academia/researcher-search.do?mode=view&id=b30c08316784cceb807e5a7670575269,,postech-A5052023515
web,ok,200,https://www.postech.ac.kr/kor/research-industry-academia/researcher-search.do?mode=view&id=b8974c5afcf836280e0cc027f4883b7d,https://www.postech.ac.kr/kor/research-industry-academia/researcher-search.do?mode=view&id=b8974c5afcf836280e0cc027f4883b7d,,postech-A5074578302
web,ok,200,https://www.postech.ac.kr/kor/research-industry-academia/researcher-search.do?mode=view&id=c1e42f4dae5e42465ef090fda69e81f3,https://www.postech.ac.kr/kor/research-industry-academia/researcher-search.do?mode=view&id=c1e42f4dae5e42465ef090fda69e81f3,,postech-A5047859685
web,ok,200,https://www.postech.ac.kr/kor/research-industry-academia/researcher-search.do?mode=view&id=cd66c5491d166dd5690e0e9191a58145,https://www.postech.ac.kr/kor/research-industry-academia/researcher-search.do?mode=view&id=cd66c5491d166dd5690e0e9191a58145,,postech-A5069176618
web,ok,200,https://www.postech.ac.kr/kor/research-industry-academia/researcher-search.do?mode=view&id=d12e80aff84ef9dc0c0938fdbb05d8f7,https://www.postech.ac.kr/kor/research-industry-academia/researcher-search.do?mode=view&id=d12e80aff84ef9dc0c0938fdbb05d8f7,,postech-A5103183496
web,ok,200,https://www.postech.ac.kr/kor/research-industry-academia/researcher-search.do?mode=view&id=e8e9c9ec81986f8f38a8b1f430a52b9f,https://www.postech.ac.kr/kor/research-industry-academia/researcher-search.do?mode=view&id=e8e9c9ec81986f8f38a8b1f430a52b9f,,postech-A5100334905
web,ok,200,https://www.postech.ac.kr/kor/research-industry-academia/researcher-search.do?srSearchKey=dept&srSearchVal=%EC%83%9D%EB%AA%85%EA%B3%BC%ED%95%99%EA%B3%BC,https://www.postech.ac.kr/kor/research-industry-academia/researcher-search.do?srSearchKey=dept&srSearchVal=%EC%83%9D%EB%AA%85%EA%B3%BC%ED%95%99%EA%B3%BC,,postech-A5010154886
web,ok,200,https://www.semanticscholar.org/,https://www.semanticscholar.org/,,dgist-A5000829476
web,ok,200,https://www.shinlaboratory.net/,https://www.shinlaboratory.net/,,snu-A5100619952
web,ok,200,https://www.sjleelab.com/,https://www.sjleelab.com/,,unist-A5007769445
web,ok,200,https://www.unist.ac.kr/unist/research/search.do?mode=list&srSearchKey=dept&srSearchVal=%EC%83%9D%EB%AA%85%EA%B3%BC%ED%95%99%EA%B3%BC,https://www.unist.ac.kr/unist/research/search.do?mode=list&srSearchKey=dept&srSearchVal=%EC%83%9D%EB%AA%85%EA%B3%BC%ED%95%99%EA%B3%BC,,unist-A5007769445
web,ok,200,https://www.wonkicholab.com/,https://www.wonkicholab.com/,,kaist-A5089223715
web,ok,200,https://yeantibody.dgist.ac.kr/,https://yeantibody.dgist.ac.kr/,,dgist-A5015429226
web,ok,200,https://yoonlab-snu.net/,https://yoonlab-snu.net/,,snu-A5055820463
web,ok,200,https://yoonlab.unist.ac.kr/,https://yoonlab.unist.ac.kr/,,unist-A5035895380
web,ok,200,https://yunje8.wixsite.com/sbclab,https://yunje8.wixsite.com/sbclab,,postech-A5103183496
